Product;week;month;year;unit
ITEM001;39;10;2021;30.4
ITEM001;40;10;2021;23.1
ITEM001;41;11;2021;24.2
ITEM001;42;11;2021;0.0
ITEM001;43;11;2021;19.8
ITEM001;44;11;2021;22.0
ITEM001;45;12;2021;0.0
ITEM001;46;12;2021;0.0
ITEM001;47;12;2021;0.0
ITEM001;48;12;2021;44.6
ITEM001;49;12;2021;40.3
ITEM001;50;12;2021;40.9
ITEM001;51;12;2021;42.1
ITEM001;52;12;2021;22.1
ITEM001;1;1;2022;19.7
ITEM001;2;1;2022;22.1
ITEM001;3;1;2022;22.7
ITEM001;4;1;2022;24.7
ITEM001;5;2;2022;31.1
ITEM001;6;2;2022;0.0
ITEM001;7;2;2022;23.8
ITEM001;8;2;2022;29.6
ITEM001;9;3;2022;0.0
ITEM001;10;3;2022;28.4
ITEM001;11;3;2022;26.4
ITEM001;12;3;2022;34.0
ITEM001;13;4;2022;44.8
ITEM001;14;4;2022;33.6
ITEM001;15;4;2022;46.8
ITEM001;16;4;2022;49.3
ITEM001;17;5;2022;47.9
ITEM001;18;5;2022;50.7
ITEM001;19;5;2022;40.3
ITEM001;20;5;2022;0.0
ITEM001;21;6;2022;54.3
ITEM001;22;6;2022;47.0
ITEM001;23;6;2022;52.8
ITEM001;24;6;2022;54.8
ITEM001;25;7;2022;47.1
ITEM001;26;7;2022;50.6
ITEM001;27;7;2022;55.2
ITEM001;28;7;2022;58.3
ITEM001;29;8;2022;50.3
ITEM001;30;8;2022;47.0
ITEM001;31;8;2022;0.0
ITEM001;32;8;2022;40.5
ITEM001;33;9;2022;42.4
ITEM001;34;9;2022;36.7
ITEM001;35;9;2022;53.0
ITEM001;36;9;2022;0.0
ITEM001;37;10;2022;40.8
ITEM001;38;10;2022;46.2
ITEM001;39;10;2022;41.2
ITEM001;40;10;2022;35.7
ITEM001;41;11;2022;27.1
ITEM001;42;11;2022;27.2
ITEM001;43;11;2022;32.5
ITEM001;44;11;2022;0.0
ITEM001;45;12;2022;29.4
ITEM001;46;12;2022;23.9
ITEM001;47;12;2022;42.9
ITEM001;48;12;2022;44.5
ITEM001;49;12;2022;41.5
ITEM002;32;8;2021;98.3
ITEM002;33;9;2021;87.6
ITEM002;34;9;2021;84.2
ITEM002;35;9;2021;74.9
ITEM002;36;9;2021;81.2
ITEM002;37;10;2021;73.5
ITEM002;38;10;2021;73.3
ITEM002;39;10;2021;78.7
ITEM002;40;10;2021;72.6
ITEM002;41;11;2021;78.4
ITEM002;42;11;2021;68.2
ITEM002;43;11;2021;61.8
ITEM002;44;11;2021;48.9
ITEM002;45;12;2021;61.8
ITEM002;46;12;2021;47.6
ITEM002;47;12;2021;110.3
ITEM002;48;12;2021;94.9
ITEM002;49;12;2021;99.9
ITEM002;50;12;2021;86.9
ITEM002;51;12;2021;98.7
ITEM002;52;12;2021;31.7
ITEM002;1;1;2022;46.4
ITEM002;2;1;2022;60.5
ITEM002;3;1;2022;52.5
ITEM002;4;1;2022;56.0
ITEM002;5;2;2022;63.6
ITEM002;6;2;2022;70.4
ITEM002;7;2;2022;77.5
ITEM002;8;2;2022;64.9
ITEM002;9;3;2022;84.4
ITEM002;10;3;2022;79.0
ITEM002;11;3;2022;89.8
ITEM002;12;3;2022;97.1
ITEM002;13;4;2022;84.0
ITEM002;14;4;2022;86.5
ITEM002;15;4;2022;98.5
ITEM002;16;4;2022;98.4
ITEM002;17;5;2022;111.1
ITEM002;18;5;2022;114.2
ITEM002;19;5;2022;126.7
ITEM002;20;5;2022;111.3
ITEM002;21;6;2022;111.3
ITEM002;22;6;2022;115.4
ITEM002;23;6;2022;122.9
ITEM002;24;6;2022;101.6
ITEM002;25;7;2022;111.8
ITEM002;26;7;2022;98.3
ITEM002;27;7;2022;95.3
ITEM002;28;7;2022;105.9
ITEM002;29;8;2022;104.7
ITEM002;30;8;2022;106.0
ITEM002;31;8;2022;92.9
ITEM002;32;8;2022;92.8
ITEM002;33;9;2022;83.7
ITEM002;34;9;2022;78.1
ITEM002;35;9;2022;78.4
ITEM002;36;9;2022;95.2
ITEM002;37;10;2022;87.7
ITEM002;38;10;2022;73.6
ITEM002;39;10;2022;59.5
ITEM002;40;10;2022;74.4
ITEM002;41;11;2022;0.0
ITEM002;42;11;2022;66.6
ITEM002;43;11;2022;58.1
ITEM002;44;11;2022;59.4
ITEM002;45;12;2022;46.2
ITEM002;46;12;2022;73.4
ITEM002;47;12;2022;102.6
ITEM002;48;12;2022;102.0
ITEM002;49;12;2022;103.6
ITEM002;50;12;2022;86.1
ITEM002;51;12;2022;111.6
ITEM002;52;12;2022;56.9
ITEM002;1;1;2023;53.6
ITEM002;2;1;2023;65.1
ITEM002;3;1;2023;53.6
ITEM002;4;1;2023;50.9
ITEM002;5;2;2023;84.0
ITEM002;6;2;2023;67.6
ITEM002;7;2;2023;64.0
ITEM002;8;2;2023;77.3
ITEM002;9;3;2023;85.2
ITEM002;10;3;2023;92.1
ITEM002;11;3;2023;104.4
ITEM002;12;3;2023;91.2
ITEM002;13;4;2023;93.0
ITEM002;14;4;2023;99.8
ITEM002;15;4;2023;100.7
ITEM002;16;4;2023;116.9
ITEM002;17;5;2023;0.0
ITEM002;18;5;2023;117.3
ITEM002;19;5;2023;140.6
ITEM002;20;5;2023;117.4
ITEM002;21;6;2023;120.7
ITEM002;22;6;2023;126.2
ITEM002;23;6;2023;110.8
ITEM002;24;6;2023;120.6
ITEM002;25;7;2023;127.6
ITEM002;26;7;2023;121.1
ITEM002;27;7;2023;109.1
ITEM002;28;7;2023;108.8
ITEM002;29;8;2023;100.0
ITEM002;30;8;2023;118.8
ITEM002;31;8;2023;98.2
ITEM002;32;8;2023;114.4
ITEM002;33;9;2023;92.7
ITEM002;34;9;2023;108.3
ITEM002;35;9;2023;97.8
ITEM002;36;9;2023;90.1
ITEM002;37;10;2023;102.2
ITEM002;38;10;2023;97.3
ITEM002;39;10;2023;84.4
ITEM002;40;10;2023;65.1
ITEM002;41;11;2023;80.5
ITEM002;42;11;2023;62.7
ITEM002;43;11;2023;74.2
ITEM002;44;11;2023;49.0
ITEM002;45;12;2023;60.6
ITEM002;46;12;2023;61.6
ITEM002;47;12;2023;104.7
ITEM002;48;12;2023;115.4
ITEM003;52;12;2023;46.1
ITEM003;1;1;2024;56.6
ITEM003;2;1;2024;45.0
ITEM003;3;1;2024;65.2
ITEM003;4;1;2024;84.2
ITEM003;5;2;2024;74.1
ITEM003;6;2;2024;75.2
ITEM003;7;2;2024;79.7
ITEM003;8;2;2024;78.6
ITEM003;9;3;2024;75.0
ITEM003;10;3;2024;77.7
ITEM003;11;3;2024;99.3
ITEM003;12;3;2024;100.2
ITEM003;13;4;2024;112.7
ITEM003;14;4;2024;126.0
ITEM003;15;4;2024;107.4
ITEM003;16;4;2024;110.7
ITEM003;17;5;2024;132.8
ITEM003;18;5;2024;121.9
ITEM003;19;5;2024;115.4
ITEM003;20;5;2024;138.9
ITEM003;21;6;2024;139.4
ITEM003;22;6;2024;129.6
ITEM003;23;6;2024;121.3
ITEM003;24;6;2024;109.7
ITEM003;25;7;2024;146.0
ITEM003;26;7;2024;114.4
ITEM003;27;7;2024;137.5
ITEM003;28;7;2024;127.5
ITEM003;29;8;2024;129.2
ITEM003;30;8;2024;118.3
ITEM003;31;8;2024;113.8
ITEM003;32;8;2024;106.4
ITEM003;33;9;2024;126.4
ITEM003;34;9;2024;97.9
ITEM003;35;9;2024;99.8
ITEM003;36;9;2024;85.3
ITEM003;37;10;2024;108.7
ITEM003;38;10;2024;74.9
ITEM003;39;10;2024;76.0
ITEM003;40;10;2024;73.0
ITEM003;41;11;2024;59.5
ITEM003;42;11;2024;70.6
ITEM003;43;11;2024;75.0
ITEM003;44;11;2024;53.4
ITEM003;45;12;2024;65.3
ITEM003;46;12;2024;64.9
ITEM003;47;12;2024;120.1
ITEM003;48;12;2024;131.1
ITEM003;49;12;2024;115.6
ITEM003;50;12;2024;123.3
ITEM003;51;12;2024;140.0
ITEM003;52;12;2024;78.4
ITEM003;1;1;2025;70.6
ITEM003;2;1;2025;59.8
ITEM003;3;1;2025;63.9
ITEM003;4;1;2025;77.3
ITEM003;5;2;2025;75.3
ITEM003;6;2;2025;47.4
ITEM003;7;2;2025;84.0
ITEM003;8;2;2025;85.8
ITEM003;9;3;2025;121.8
ITEM003;10;3;2025;112.8
ITEM003;11;3;2025;111.6
ITEM003;12;3;2025;111.8
ITEM003;13;4;2025;118.4
ITEM003;14;4;2025;123.1
ITEM003;15;4;2025;120.3
ITEM003;16;4;2025;126.1
ITEM003;17;5;2025;137.7
ITEM003;18;5;2025;133.5
ITEM003;19;5;2025;152.3
ITEM003;20;5;2025;125.0
ITEM003;21;6;2025;153.9
ITEM003;22;6;2025;147.7
ITEM003;23;6;2025;122.7
ITEM003;24;6;2025;159.3
ITEM003;25;7;2025;134.3
ITEM003;26;7;2025;151.1
ITEM003;27;7;2025;137.0
ITEM003;28;7;2025;123.3
ITEM003;29;8;2025;139.2
ITEM003;30;8;2025;128.5
ITEM003;31;8;2025;126.5
ITEM003;32;8;2025;131.1
ITEM003;33;9;2025;116.1
ITEM003;34;9;2025;108.3
ITEM003;35;9;2025;107.2
ITEM003;36;9;2025;93.0
ITEM003;37;10;2025;0.0
ITEM003;38;10;2025;97.8
ITEM003;39;10;2025;91.9
ITEM003;40;10;2025;95.0
ITEM003;41;11;2025;75.5
ITEM003;42;11;2025;83.7
ITEM003;43;11;2025;68.5
ITEM003;44;11;2025;61.9
ITEM003;45;12;2025;54.6
ITEM003;46;12;2025;72.0
ITEM003;47;12;2025;115.2
ITEM003;48;12;2025;111.8
ITEM003;49;12;2025;129.3
ITEM003;50;12;2025;141.1
ITEM003;51;12;2025;115.6
ITEM003;52;12;2025;74.3
ITEM003;1;1;2026;88.9
ITEM003;2;1;2026;59.8
ITEM003;3;1;2026;66.8
ITEM003;4;1;2026;81.7
ITEM003;5;2;2026;69.3
ITEM003;6;2;2026;87.9
ITEM003;7;2;2026;71.8
ITEM003;8;2;2026;0.0
ITEM003;9;3;2026;105.7
ITEM003;10;3;2026;127.1
ITEM003;11;3;2026;113.4
ITEM003;12;3;2026;101.6
ITEM003;13;4;2026;150.0
ITEM003;14;4;2026;134.8
ITEM003;15;4;2026;124.5
ITEM003;16;4;2026;134.5
ITEM003;17;5;2026;141.6
ITEM004;13;4;2023;42.7
ITEM004;14;4;2023;62.8
ITEM004;15;4;2023;49.1
ITEM004;16;4;2023;60.9
ITEM004;17;5;2023;60.9
ITEM004;18;5;2023;56.8
ITEM004;19;5;2023;60.9
ITEM004;20;5;2023;74.4
ITEM004;21;6;2023;63.1
ITEM004;22;6;2023;59.2
ITEM004;23;6;2023;70.1
ITEM004;24;6;2023;71.0
ITEM004;25;7;2023;63.1
ITEM004;26;7;2023;61.8
ITEM004;27;7;2023;69.9
ITEM004;28;7;2023;53.6
ITEM004;29;8;2023;65.8
ITEM004;30;8;2023;62.6
ITEM004;31;8;2023;71.0
ITEM004;32;8;2023;47.6
ITEM004;33;9;2023;50.4
ITEM004;34;9;2023;53.0
ITEM004;35;9;2023;39.2
ITEM004;36;9;2023;43.5
ITEM004;37;10;2023;56.0
ITEM004;38;10;2023;43.3
ITEM004;39;10;2023;46.3
ITEM004;40;10;2023;45.2
ITEM004;41;11;2023;41.2
ITEM004;42;11;2023;30.0
ITEM004;43;11;2023;34.3
ITEM004;44;11;2023;26.7
ITEM004;45;12;2023;31.6
ITEM004;46;12;2023;45.4
ITEM004;47;12;2023;0.0
ITEM004;48;12;2023;56.5
ITEM004;49;12;2023;69.5
ITEM004;50;12;2023;62.7
ITEM004;51;12;2023;59.4
ITEM004;52;12;2023;32.8
ITEM004;1;1;2024;36.9
ITEM004;2;1;2024;24.3
ITEM004;3;1;2024;33.3
ITEM004;4;1;2024;34.1
ITEM004;5;2;2024;45.9
ITEM004;6;2;2024;44.9
ITEM004;7;2;2024;41.2
ITEM004;8;2;2024;42.7
ITEM004;9;3;2024;45.2
ITEM004;10;3;2024;56.2
ITEM004;11;3;2024;43.5
ITEM004;12;3;2024;64.0
ITEM004;13;4;2024;60.7
ITEM004;14;4;2024;68.1
ITEM004;15;4;2024;53.0
ITEM004;16;4;2024;47.6
ITEM004;17;5;2024;69.0
ITEM004;18;5;2024;0.0
ITEM004;19;5;2024;75.3
ITEM004;20;5;2024;65.9
ITEM004;21;6;2024;71.4
ITEM004;22;6;2024;62.6
ITEM004;23;6;2024;78.3
ITEM004;24;6;2024;72.7
ITEM004;25;7;2024;64.9
ITEM004;26;7;2024;64.0
ITEM004;27;7;2024;66.4
ITEM004;28;7;2024;75.4
ITEM004;29;8;2024;73.7
ITEM004;30;8;2024;63.2
ITEM004;31;8;2024;65.2
ITEM004;32;8;2024;72.7
ITEM004;33;9;2024;69.3
ITEM004;34;9;2024;57.4
ITEM004;35;9;2024;55.9
ITEM004;36;9;2024;51.8
ITEM004;37;10;2024;59.1
ITEM004;38;10;2024;49.0
ITEM004;39;10;2024;44.5
ITEM004;40;10;2024;50.1
ITEM004;41;11;2024;42.2
ITEM004;42;11;2024;31.7
ITEM004;43;11;2024;44.4
ITEM004;44;11;2024;38.2
ITEM004;45;12;2024;43.5
ITEM004;46;12;2024;37.6
ITEM004;47;12;2024;62.8
ITEM004;48;12;2024;57.8
ITEM004;49;12;2024;72.3
ITEM004;50;12;2024;69.0
ITEM004;51;12;2024;66.8
ITEM004;52;12;2024;40.9
ITEM004;1;1;2025;27.8
ITEM004;2;1;2025;44.9
ITEM004;3;1;2025;46.8
ITEM004;4;1;2025;37.5
ITEM004;5;2;2025;41.3
ITEM004;6;2;2025;47.2
ITEM004;7;2;2025;39.9
ITEM004;8;2;2025;49.6
ITEM005;9;3;2022;9.2
ITEM005;10;3;2022;16.2
ITEM005;11;3;2022;14.8
ITEM005;12;3;2022;16.5
ITEM005;13;4;2022;16.8
ITEM005;14;4;2022;13.9
ITEM005;15;4;2022;20.6
ITEM005;16;4;2022;0.0
ITEM005;17;5;2022;19.3
ITEM005;18;5;2022;22.0
ITEM005;19;5;2022;13.9
ITEM005;20;5;2022;0.0
ITEM005;21;6;2022;0.0
ITEM005;22;6;2022;17.9
ITEM005;23;6;2022;18.3
ITEM005;24;6;2022;15.9
ITEM005;25;7;2022;17.1
ITEM005;26;7;2022;22.9
ITEM005;27;7;2022;21.0
ITEM005;28;7;2022;19.7
ITEM005;29;8;2022;17.0
ITEM005;30;8;2022;18.6
ITEM005;31;8;2022;0.0
ITEM005;32;8;2022;0.0
ITEM005;33;9;2022;16.3
ITEM005;34;9;2022;21.0
ITEM005;35;9;2022;17.1
ITEM005;36;9;2022;12.6
ITEM005;37;10;2022;15.4
ITEM005;38;10;2022;0.0
ITEM005;39;10;2022;12.0
ITEM005;40;10;2022;13.4
ITEM005;41;11;2022;12.1
ITEM005;42;11;2022;12.2
ITEM005;43;11;2022;12.4
ITEM005;44;11;2022;10.8
ITEM005;45;12;2022;10.3
ITEM005;46;12;2022;9.4
ITEM005;47;12;2022;14.3
ITEM005;48;12;2022;20.6
ITEM005;49;12;2022;17.3
ITEM005;50;12;2022;19.5
ITEM005;51;12;2022;0.0
ITEM005;52;12;2022;7.3
ITEM005;1;1;2023;0.0
ITEM005;2;1;2023;8.6
ITEM005;3;1;2023;0.0
ITEM005;4;1;2023;7.8
ITEM005;5;2;2023;15.4
ITEM005;6;2;2023;12.3
ITEM005;7;2;2023;13.2
ITEM005;8;2;2023;0.0
ITEM005;9;3;2023;14.1
ITEM005;10;3;2023;17.7
ITEM005;11;3;2023;13.7
ITEM005;12;3;2023;20.2
ITEM005;13;4;2023;15.4
ITEM005;14;4;2023;21.7
ITEM005;15;4;2023;16.7
ITEM005;16;4;2023;17.7
ITEM005;17;5;2023;0.0
ITEM005;18;5;2023;0.0
ITEM005;19;5;2023;19.8
ITEM005;20;5;2023;21.0
ITEM005;21;6;2023;23.4
ITEM005;22;6;2023;20.0
ITEM005;23;6;2023;17.3
ITEM005;24;6;2023;21.8
ITEM005;25;7;2023;21.0
ITEM005;26;7;2023;21.8
ITEM005;27;7;2023;18.1
ITEM005;28;7;2023;18.1
ITEM005;29;8;2023;0.0
ITEM005;30;8;2023;22.3
ITEM005;31;8;2023;22.4
ITEM005;32;8;2023;15.8
ITEM005;33;9;2023;15.3
ITEM005;34;9;2023;18.1
ITEM005;35;9;2023;0.0
ITEM005;36;9;2023;20.2
ITEM005;37;10;2023;12.3
ITEM005;38;10;2023;12.2
ITEM005;39;10;2023;13.6
ITEM005;40;10;2023;13.1
ITEM005;41;11;2023;10.9
ITEM005;42;11;2023;8.5
ITEM005;43;11;2023;0.0
ITEM005;44;11;2023;15.3
ITEM005;45;12;2023;8.0
ITEM005;46;12;2023;10.0
ITEM005;47;12;2023;25.7
ITEM005;48;12;2023;16.4
ITEM005;49;12;2023;20.0
ITEM005;50;12;2023;23.5
ITEM005;51;12;2023;19.9
ITEM005;52;12;2023;12.7
ITEM005;1;1;2024;12.1
ITEM005;2;1;2024;11.6
ITEM005;3;1;2024;14.7
ITEM005;4;1;2024;13.0
ITEM005;5;2;2024;11.1
ITEM005;6;2;2024;12.7
ITEM005;7;2;2024;14.0
ITEM005;8;2;2024;12.4
ITEM005;9;3;2024;14.9
ITEM005;10;3;2024;15.2
ITEM005;11;3;2024;17.8
ITEM005;12;3;2024;0.0
ITEM005;13;4;2024;18.0
ITEM005;14;4;2024;22.6
ITEM005;15;4;2024;0.0
ITEM005;16;4;2024;19.7
ITEM005;17;5;2024;18.3
ITEM005;18;5;2024;20.7
ITEM005;19;5;2024;20.9
ITEM005;20;5;2024;18.7
ITEM005;21;6;2024;19.3
ITEM005;22;6;2024;0.0
ITEM005;23;6;2024;25.9
ITEM005;24;6;2024;21.0
ITEM005;25;7;2024;16.7
ITEM005;26;7;2024;14.3
ITEM005;27;7;2024;0.0
ITEM005;28;7;2024;22.3
ITEM005;29;8;2024;15.9
ITEM005;30;8;2024;21.9
ITEM005;31;8;2024;20.7
ITEM005;32;8;2024;17.8
ITEM005;33;9;2024;12.9
ITEM005;34;9;2024;14.7
ITEM005;35;9;2024;15.3
ITEM005;36;9;2024;0.0
ITEM005;37;10;2024;10.9
ITEM005;38;10;2024;18.3
ITEM005;39;10;2024;14.3
ITEM005;40;10;2024;14.0
ITEM005;41;11;2024;13.9
ITEM005;42;11;2024;0.0
ITEM005;43;11;2024;11.5
ITEM005;44;11;2024;12.6
ITEM005;45;12;2024;8.1
ITEM005;46;12;2024;15.2
ITEM005;47;12;2024;19.0
ITEM005;48;12;2024;16.5
ITEM005;49;12;2024;0.0
ITEM005;50;12;2024;0.0
ITEM005;51;12;2024;17.3
ITEM005;52;12;2024;2.6
ITEM005;1;1;2025;12.6
ITEM005;2;1;2025;0.0
ITEM005;3;1;2025;8.2
ITEM005;4;1;2025;11.4
ITEM005;5;2;2025;12.1
ITEM005;6;2;2025;9.3
ITEM005;7;2;2025;12.8
ITEM005;8;2;2025;14.2
ITEM005;9;3;2025;0.0
ITEM005;10;3;2025;0.0
ITEM005;11;3;2025;13.3
ITEM005;12;3;2025;16.2
ITEM005;13;4;2025;16.1
ITEM005;14;4;2025;0.0
ITEM005;15;4;2025;0.0
ITEM005;16;4;2025;22.4
ITEM005;17;5;2025;20.4
ITEM005;18;5;2025;18.7
ITEM005;19;5;2025;23.7
ITEM005;20;5;2025;23.2
ITEM005;21;6;2025;25.5
ITEM005;22;6;2025;22.3
ITEM005;23;6;2025;0.0
ITEM005;24;6;2025;0.0
ITEM005;25;7;2025;19.6
ITEM005;26;7;2025;19.9
ITEM005;27;7;2025;22.7
ITEM005;28;7;2025;19.0
ITEM005;29;8;2025;25.5
ITEM005;30;8;2025;21.1
ITEM005;31;8;2025;19.4
ITEM005;32;8;2025;19.0
ITEM005;33;9;2025;17.2
ITEM005;34;9;2025;12.3
ITEM005;35;9;2025;15.1
ITEM005;36;9;2025;20.6
ITEM005;37;10;2025;15.8
ITEM005;38;10;2025;17.6
ITEM005;39;10;2025;17.0
ITEM005;40;10;2025;13.0
ITEM005;41;11;2025;14.5
ITEM005;42;11;2025;7.2
ITEM005;43;11;2025;15.9
ITEM005;44;11;2025;15.2
ITEM005;45;12;2025;12.1
ITEM005;46;12;2025;11.2
ITEM005;47;12;2025;19.1
ITEM005;48;12;2025;22.6
ITEM005;49;12;2025;21.3
ITEM005;50;12;2025;10.5
ITEM005;51;12;2025;18.1
ITEM005;52;12;2025;7.1
ITEM005;1;1;2026;6.9
ITEM005;2;1;2026;14.6
ITEM005;3;1;2026;11.4
ITEM005;4;1;2026;0.0
ITEM005;5;2;2026;12.9
ITEM005;6;2;2026;9.5
ITEM005;7;2;2026;9.3
ITEM005;8;2;2026;13.4
ITEM005;9;3;2026;0.0
ITEM005;10;3;2026;15.1
ITEM005;11;3;2026;15.9
ITEM005;12;3;2026;23.8
ITEM005;13;4;2026;21.4
ITEM005;14;4;2026;0.0
ITEM005;15;4;2026;19.4
ITEM005;16;4;2026;20.1
ITEM005;17;5;2026;22.9
ITEM005;18;5;2026;20.9
ITEM005;19;5;2026;24.3
ITEM005;20;5;2026;22.9
ITEM005;21;6;2026;28.4
ITEM005;22;6;2026;0.0
ITEM005;23;6;2026;25.6
ITEM005;24;6;2026;19.1
ITEM005;25;7;2026;20.3
ITEM005;26;7;2026;27.7
ITEM005;27;7;2026;24.2
ITEM005;28;7;2026;22.8
ITEM005;29;8;2026;28.0
ITEM005;30;8;2026;20.2
ITEM005;31;8;2026;23.1
ITEM005;32;8;2026;22.7
ITEM005;33;9;2026;0.0
ITEM005;34;9;2026;14.4
ITEM005;35;9;2026;16.9
ITEM005;36;9;2026;17.4
ITEM005;37;10;2026;20.5
ITEM005;38;10;2026;16.4
ITEM005;39;10;2026;17.9
ITEM005;40;10;2026;10.0
ITEM005;41;11;2026;12.2
ITEM005;42;11;2026;0.0
ITEM005;43;11;2026;11.5
ITEM005;44;11;2026;11.6
ITEM005;45;12;2026;16.0
ITEM005;46;12;2026;8.4
ITEM005;47;12;2026;17.8
ITEM005;48;12;2026;0.0
ITEM005;49;12;2026;24.5
ITEM005;50;12;2026;22.6
ITEM005;51;12;2026;22.7
ITEM005;52;12;2026;10.0
ITEM006;29;8;2022;176.5
ITEM006;30;8;2022;198.5
ITEM006;31;8;2022;214.7
ITEM006;32;8;2022;189.1
ITEM006;33;9;2022;173.7
ITEM006;34;9;2022;189.8
ITEM006;35;9;2022;165.8
ITEM006;36;9;2022;162.5
ITEM006;37;10;2022;128.7
ITEM006;38;10;2022;141.2
ITEM006;39;10;2022;166.5
ITEM006;40;10;2022;133.5
ITEM006;41;11;2022;110.8
ITEM006;42;11;2022;120.1
ITEM006;43;11;2022;96.7
ITEM006;44;11;2022;109.2
ITEM006;45;12;2022;95.9
ITEM006;46;12;2022;88.3
ITEM006;47;12;2022;187.5
ITEM006;48;12;2022;200.4
ITEM006;49;12;2022;195.3
ITEM006;50;12;2022;154.6
ITEM006;51;12;2022;193.8
ITEM006;52;12;2022;136.2
ITEM006;1;1;2023;89.6
ITEM006;2;1;2023;116.5
ITEM006;3;1;2023;118.7
ITEM006;4;1;2023;141.8
ITEM006;5;2;2023;135.4
ITEM006;6;2;2023;138.1
ITEM006;7;2;2023;129.5
ITEM006;8;2;2023;151.5
ITEM006;9;3;2023;159.8
ITEM006;10;3;2023;154.2
ITEM006;11;3;2023;158.7
ITEM006;12;3;2023;160.1
ITEM006;13;4;2023;161.3
ITEM006;14;4;2023;199.2
ITEM006;15;4;2023;187.7
ITEM006;16;4;2023;189.7
ITEM006;17;5;2023;177.2
ITEM006;18;5;2023;180.2
ITEM006;19;5;2023;229.3
ITEM006;20;5;2023;209.0
ITEM006;21;6;2023;221.6
ITEM006;22;6;2023;224.2
ITEM006;23;6;2023;196.5
ITEM006;24;6;2023;244.4
ITEM006;25;7;2023;204.1
ITEM006;26;7;2023;248.6
ITEM006;27;7;2023;217.5
ITEM006;28;7;2023;201.9
ITEM006;29;8;2023;190.1
ITEM006;30;8;2023;212.5
ITEM006;31;8;2023;193.8
ITEM006;32;8;2023;181.9
ITEM006;33;9;2023;154.1
ITEM006;34;9;2023;167.1
ITEM006;35;9;2023;171.2
ITEM006;36;9;2023;168.1
ITEM006;37;10;2023;132.0
ITEM006;38;10;2023;120.9
ITEM006;39;10;2023;106.4
ITEM006;40;10;2023;127.5
ITEM006;41;11;2023;117.6
ITEM006;42;11;2023;135.1
ITEM006;43;11;2023;130.5
ITEM006;44;11;2023;103.6
ITEM006;45;12;2023;91.7
ITEM006;46;12;2023;107.8
ITEM006;47;12;2023;185.1
ITEM006;48;12;2023;176.5
ITEM006;49;12;2023;194.7
ITEM006;50;12;2023;170.2
ITEM006;51;12;2023;202.5
ITEM006;52;12;2023;100.1
ITEM006;1;1;2024;111.5
ITEM006;2;1;2024;78.0
ITEM006;3;1;2024;141.7
ITEM006;4;1;2024;141.1
ITEM006;5;2;2024;125.2
ITEM006;6;2;2024;130.2
ITEM006;7;2;2024;154.3
ITEM006;8;2;2024;152.5
ITEM006;9;3;2024;171.6
ITEM006;10;3;2024;141.3
ITEM006;11;3;2024;164.8
ITEM006;12;3;2024;193.8
ITEM006;13;4;2024;174.8
ITEM006;14;4;2024;198.8
ITEM006;15;4;2024;198.2
ITEM006;16;4;2024;204.6
ITEM006;17;5;2024;220.8
ITEM006;18;5;2024;217.6
ITEM006;19;5;2024;220.1
ITEM006;20;5;2024;219.0
ITEM006;21;6;2024;204.7
ITEM006;22;6;2024;230.3
ITEM006;23;6;2024;236.3
ITEM006;24;6;2024;246.9
ITEM006;25;7;2024;214.5
ITEM006;26;7;2024;235.9
ITEM006;27;7;2024;243.0
ITEM006;28;7;2024;236.8
ITEM006;29;8;2024;203.3
ITEM006;30;8;2024;199.6
ITEM006;31;8;2024;214.8
ITEM006;32;8;2024;205.6
ITEM006;33;9;2024;194.7
ITEM006;34;9;2024;149.6
ITEM006;35;9;2024;181.5
ITEM006;36;9;2024;166.5
ITEM006;37;10;2024;181.5
ITEM006;38;10;2024;148.2
ITEM006;39;10;2024;154.0
ITEM006;40;10;2024;122.7
ITEM006;41;11;2024;116.6
ITEM006;42;11;2024;136.6
ITEM006;43;11;2024;103.1
ITEM006;44;11;2024;108.1
ITEM006;45;12;2024;105.6
ITEM006;46;12;2024;106.2
ITEM006;47;12;2024;212.0
ITEM006;48;12;2024;181.2
ITEM006;49;12;2024;194.9
ITEM006;50;12;2024;215.4
ITEM006;51;12;2024;205.8
ITEM006;52;12;2024;102.7
ITEM006;1;1;2025;113.8
ITEM006;2;1;2025;114.9
ITEM006;3;1;2025;134.0
ITEM006;4;1;2025;138.1
ITEM006;5;2;2025;113.6
ITEM006;6;2;2025;138.4
ITEM006;7;2;2025;148.8
ITEM006;8;2;2025;160.2
ITEM006;9;3;2025;175.4
ITEM006;10;3;2025;189.3
ITEM006;11;3;2025;178.4
ITEM006;12;3;2025;177.3
ITEM006;13;4;2025;176.3
ITEM006;14;4;2025;172.5
ITEM006;15;4;2025;203.6
ITEM006;16;4;2025;200.6
ITEM006;17;5;2025;219.2
ITEM006;18;5;2025;224.8
ITEM006;19;5;2025;212.1
ITEM006;20;5;2025;214.9
ITEM006;21;6;2025;244.8
ITEM006;22;6;2025;231.0
ITEM006;23;6;2025;217.1
ITEM006;24;6;2025;231.0
ITEM006;25;7;2025;266.2
ITEM006;26;7;2025;235.1
ITEM006;27;7;2025;229.3
ITEM006;28;7;2025;208.6
ITEM006;29;8;2025;185.4
ITEM006;30;8;2025;227.5
ITEM006;31;8;2025;210.4
ITEM006;32;8;2025;208.9
ITEM006;33;9;2025;205.9
ITEM006;34;9;2025;182.5
ITEM006;35;9;2025;162.2
ITEM006;36;9;2025;182.8
ITEM006;37;10;2025;147.2
ITEM006;38;10;2025;163.1
ITEM006;39;10;2025;140.3
ITEM006;40;10;2025;159.9
ITEM006;41;11;2025;145.0
ITEM006;42;11;2025;124.3
ITEM006;43;11;2025;111.6
ITEM006;44;11;2025;124.6
ITEM006;45;12;2025;133.6
ITEM006;46;12;2025;131.5
ITEM006;47;12;2025;221.7
ITEM006;48;12;2025;208.5
ITEM006;49;12;2025;225.0
ITEM006;50;12;2025;209.4
ITEM006;51;12;2025;194.3
ITEM006;52;12;2025;110.0
ITEM006;1;1;2026;138.9
ITEM006;2;1;2026;113.4
ITEM006;3;1;2026;116.1
ITEM006;4;1;2026;158.4
ITEM006;5;2;2026;145.4
ITEM006;6;2;2026;151.8
ITEM006;7;2;2026;167.3
ITEM006;8;2;2026;173.9
ITEM006;9;3;2026;167.6
ITEM006;10;3;2026;194.9
ITEM006;11;3;2026;207.3
ITEM006;12;3;2026;172.4
ITEM006;13;4;2026;204.1
ITEM006;14;4;2026;191.7
ITEM006;15;4;2026;204.9
ITEM006;16;4;2026;199.3
ITEM006;17;5;2026;249.1
ITEM006;18;5;2026;228.0
ITEM006;19;5;2026;227.0
ITEM006;20;5;2026;235.4
ITEM006;21;6;2026;231.4
ITEM006;22;6;2026;238.4
ITEM006;23;6;2026;244.8
ITEM006;24;6;2026;225.4
ITEM006;25;7;2026;244.7
ITEM006;26;7;2026;227.0
ITEM006;27;7;2026;236.9
ITEM006;28;7;2026;219.2
ITEM006;29;8;2026;235.1
ITEM006;30;8;2026;231.7
ITEM006;31;8;2026;212.0
ITEM006;32;8;2026;240.9
ITEM006;33;9;2026;204.9
ITEM006;34;9;2026;172.9
ITEM006;35;9;2026;197.3
ITEM006;36;9;2026;204.5
ITEM006;37;10;2026;163.5
ITEM006;38;10;2026;145.7
ITEM006;39;10;2026;168.8
ITEM006;40;10;2026;150.4
ITEM006;41;11;2026;147.3
ITEM006;42;11;2026;142.4
ITEM006;43;11;2026;128.3
ITEM006;44;11;2026;125.7
ITEM006;45;12;2026;122.4
ITEM006;46;12;2026;124.1
ITEM006;47;12;2026;225.6
ITEM006;48;12;2026;200.7
ITEM006;49;12;2026;228.2
ITEM006;50;12;2026;207.7
ITEM006;51;12;2026;228.5
ITEM006;52;12;2026;155.5
ITEM007;27;7;2023;56.2
ITEM007;28;7;2023;54.7
ITEM007;29;8;2023;60.3
ITEM007;30;8;2023;51.1
ITEM007;31;8;2023;53.4
ITEM007;32;8;2023;49.5
ITEM007;33;9;2023;44.8
ITEM007;34;9;2023;40.2
ITEM007;35;9;2023;39.3
ITEM007;36;9;2023;40.4
ITEM007;37;10;2023;44.2
ITEM007;38;10;2023;25.6
ITEM007;39;10;2023;28.3
ITEM007;40;10;2023;35.8
ITEM007;41;11;2023;33.2
ITEM007;42;11;2023;25.1
ITEM007;43;11;2023;27.4
ITEM007;44;11;2023;32.3
ITEM007;45;12;2023;24.1
ITEM007;46;12;2023;25.8
ITEM007;47;12;2023;51.0
ITEM007;48;12;2023;58.0
ITEM007;49;12;2023;58.6
ITEM007;50;12;2023;0.0
ITEM007;51;12;2023;53.0
ITEM007;52;12;2023;20.7
ITEM007;1;1;2024;26.3
ITEM007;2;1;2024;30.2
ITEM007;3;1;2024;23.9
ITEM007;4;1;2024;30.5
ITEM007;5;2;2024;38.0
ITEM007;6;2;2024;31.2
ITEM007;7;2;2024;31.5
ITEM007;8;2;2024;36.6
ITEM007;9;3;2024;46.2
ITEM007;10;3;2024;38.5
ITEM007;11;3;2024;38.5
ITEM007;12;3;2024;49.1
ITEM007;13;4;2024;58.6
ITEM007;14;4;2024;41.4
ITEM007;15;4;2024;56.3
ITEM007;16;4;2024;52.8
ITEM007;17;5;2024;53.6
ITEM007;18;5;2024;57.5
ITEM007;19;5;2024;55.5
ITEM007;20;5;2024;63.9
ITEM007;21;6;2024;55.5
ITEM007;22;6;2024;66.0
ITEM007;23;6;2024;62.2
ITEM007;24;6;2024;57.2
ITEM007;25;7;2024;61.9
ITEM007;26;7;2024;0.0
ITEM007;27;7;2024;56.0
ITEM007;28;7;2024;60.2
ITEM007;29;8;2024;49.8
ITEM007;30;8;2024;49.5
ITEM007;31;8;2024;54.2
ITEM007;32;8;2024;54.7
ITEM007;33;9;2024;49.8
ITEM007;34;9;2024;47.6
ITEM007;35;9;2024;41.9
ITEM007;36;9;2024;51.0
ITEM007;37;10;2024;42.9
ITEM007;38;10;2024;32.5
ITEM007;39;10;2024;40.5
ITEM007;40;10;2024;37.6
ITEM007;41;11;2024;0.0
ITEM007;42;11;2024;27.6
ITEM007;43;11;2024;31.9
ITEM007;44;11;2024;23.2
ITEM007;45;12;2024;26.0
ITEM007;46;12;2024;23.3
ITEM007;47;12;2024;49.7
ITEM007;48;12;2024;51.3
ITEM007;49;12;2024;53.9
ITEM007;50;12;2024;53.4
ITEM007;51;12;2024;0.0
ITEM007;52;12;2024;28.2
ITEM007;1;1;2025;19.5
ITEM007;2;1;2025;21.4
ITEM007;3;1;2025;28.7
ITEM007;4;1;2025;26.4
ITEM007;5;2;2025;0.0
ITEM007;6;2;2025;33.6
ITEM007;7;2;2025;39.0
ITEM007;8;2;2025;35.7
ITEM007;9;3;2025;45.6
ITEM007;10;3;2025;46.0
ITEM007;11;3;2025;56.0
ITEM007;12;3;2025;52.6
ITEM007;13;4;2025;42.7
ITEM007;14;4;2025;50.7
ITEM007;15;4;2025;45.4
ITEM007;16;4;2025;58.3
ITEM007;17;5;2025;61.0
ITEM007;18;5;2025;54.2
ITEM007;19;5;2025;53.8
ITEM007;20;5;2025;54.3
ITEM007;21;6;2025;67.5
ITEM007;22;6;2025;62.3
ITEM007;23;6;2025;66.2
ITEM007;24;6;2025;58.4
ITEM007;25;7;2025;57.4
ITEM007;26;7;2025;57.3
ITEM007;27;7;2025;57.4
ITEM007;28;7;2025;59.0
ITEM007;29;8;2025;55.0
ITEM007;30;8;2025;57.3
ITEM007;31;8;2025;52.4
ITEM007;32;8;2025;48.1
ITEM007;33;9;2025;50.2
ITEM007;34;9;2025;51.7
ITEM007;35;9;2025;42.4
ITEM007;36;9;2025;46.3
ITEM007;37;10;2025;41.1
ITEM007;38;10;2025;31.3
ITEM007;39;10;2025;0.0
ITEM007;40;10;2025;0.0
ITEM007;41;11;2025;38.3
ITEM007;42;11;2025;33.6
ITEM007;43;11;2025;24.0
ITEM007;44;11;2025;16.8
ITEM007;45;12;2025;22.2
ITEM007;46;12;2025;14.6
ITEM007;47;12;2025;55.6
ITEM007;48;12;2025;55.2
ITEM007;49;12;2025;46.4
ITEM007;50;12;2025;0.0
ITEM007;51;12;2025;58.4
ITEM007;52;12;2025;25.0
ITEM007;1;1;2026;34.1
ITEM007;2;1;2026;0.0
ITEM007;3;1;2026;29.9
ITEM007;4;1;2026;33.5
ITEM007;5;2;2026;32.9
ITEM007;6;2;2026;31.0
ITEM007;7;2;2026;32.7
ITEM007;8;2;2026;44.9
ITEM007;9;3;2026;0.0
ITEM007;10;3;2026;47.2
ITEM007;11;3;2026;45.4
ITEM007;12;3;2026;52.3
ITEM007;13;4;2026;48.2
ITEM007;14;4;2026;54.9
ITEM007;15;4;2026;54.4
ITEM007;16;4;2026;61.5
ITEM007;17;5;2026;67.7
ITEM007;18;5;2026;54.8
ITEM007;19;5;2026;61.6
ITEM007;20;5;2026;74.9
ITEM007;21;6;2026;61.4
ITEM007;22;6;2026;61.7
ITEM007;23;6;2026;69.9
ITEM007;24;6;2026;63.9
ITEM007;25;7;2026;64.6
ITEM007;26;7;2026;71.9
ITEM007;27;7;2026;65.5
ITEM007;28;7;2026;59.4
ITEM007;29;8;2026;65.8
ITEM007;30;8;2026;56.9
ITEM007;31;8;2026;54.4
ITEM007;32;8;2026;59.5
ITEM007;33;9;2026;53.4
ITEM007;34;9;2026;55.3
ITEM007;35;9;2026;58.9
ITEM007;36;9;2026;38.9
ITEM007;37;10;2026;42.3
ITEM007;38;10;2026;41.2
ITEM007;39;10;2026;33.2
ITEM007;40;10;2026;0.0
ITEM007;41;11;2026;36.9
ITEM007;42;11;2026;0.0
ITEM007;43;11;2026;38.9
ITEM007;44;11;2026;28.8
ITEM007;45;12;2026;30.7
ITEM007;46;12;2026;35.3
ITEM007;47;12;2026;51.0
ITEM007;48;12;2026;56.0
ITEM007;49;12;2026;49.6
ITEM007;50;12;2026;55.9
ITEM007;51;12;2026;55.1
ITEM007;52;12;2026;33.2
ITEM008;15;4;2021;16.5
ITEM008;16;4;2021;14.4
ITEM008;17;5;2021;17.9
ITEM008;18;5;2021;15.1
ITEM008;19;5;2021;16.1
ITEM008;20;5;2021;18.1
ITEM008;21;6;2021;13.3
ITEM008;22;6;2021;17.5
ITEM008;23;6;2021;19.0
ITEM008;24;6;2021;18.5
ITEM008;25;7;2021;0.0
ITEM008;26;7;2021;14.9
ITEM008;27;7;2021;10.6
ITEM008;28;7;2021;18.5
ITEM008;29;8;2021;22.1
ITEM008;30;8;2021;12.7
ITEM008;31;8;2021;18.3
ITEM008;32;8;2021;20.4
ITEM008;33;9;2021;12.5
ITEM008;34;9;2021;13.0
ITEM008;35;9;2021;13.5
ITEM008;36;9;2021;13.6
ITEM008;37;10;2021;12.5
ITEM008;38;10;2021;9.8
ITEM008;39;10;2021;12.3
ITEM008;40;10;2021;8.8
ITEM008;41;11;2021;10.5
ITEM008;42;11;2021;8.8
ITEM008;43;11;2021;3.2
ITEM008;44;11;2021;11.9
ITEM008;45;12;2021;6.1
ITEM008;46;12;2021;11.7
ITEM008;47;12;2021;18.1
ITEM008;48;12;2021;15.5
ITEM008;49;12;2021;16.4
ITEM008;50;12;2021;16.8
ITEM008;51;12;2021;14.4
ITEM008;52;12;2021;7.2
ITEM008;1;1;2022;9.7
ITEM008;2;1;2022;0.0
ITEM008;3;1;2022;8.6
ITEM008;4;1;2022;7.9
ITEM008;5;2;2022;7.2
ITEM008;6;2;2022;11.3
ITEM008;7;2;2022;8.7
ITEM008;8;2;2022;13.8
ITEM008;9;3;2022;14.7
ITEM008;10;3;2022;0.0
ITEM008;11;3;2022;15.2
ITEM008;12;3;2022;15.2
ITEM008;13;4;2022;16.6
ITEM008;14;4;2022;17.0
ITEM008;15;4;2022;16.4
ITEM008;16;4;2022;19.0
ITEM008;17;5;2022;15.7
ITEM008;18;5;2022;0.0
ITEM008;19;5;2022;14.6
ITEM008;20;5;2022;16.3
ITEM008;21;6;2022;0.0
ITEM008;22;6;2022;18.1
ITEM008;23;6;2022;0.0
ITEM008;24;6;2022;0.0
ITEM008;25;7;2022;12.6
ITEM008;26;7;2022;15.0
ITEM008;27;7;2022;19.5
ITEM008;28;7;2022;16.1
ITEM008;29;8;2022;18.2
ITEM008;30;8;2022;12.2
ITEM008;31;8;2022;19.5
ITEM008;32;8;2022;11.0
ITEM008;33;9;2022;5.3
ITEM008;34;9;2022;14.4
ITEM008;35;9;2022;13.9
ITEM008;36;9;2022;11.2
ITEM008;37;10;2022;13.5
ITEM008;38;10;2022;13.0
ITEM008;39;10;2022;12.1
ITEM008;40;10;2022;8.8
ITEM008;41;11;2022;7.8
ITEM008;42;11;2022;0.0
ITEM008;43;11;2022;0.0
ITEM008;44;11;2022;12.0
ITEM008;45;12;2022;7.3
ITEM008;46;12;2022;0.0
ITEM008;47;12;2022;17.9
ITEM008;48;12;2022;12.7
ITEM008;49;12;2022;11.2
ITEM008;50;12;2022;12.9
ITEM008;51;12;2022;16.2
ITEM008;52;12;2022;8.7
ITEM008;1;1;2023;9.6
ITEM008;2;1;2023;8.4
ITEM008;3;1;2023;1.8
ITEM008;4;1;2023;9.1
ITEM008;5;2;2023;12.9
ITEM008;6;2;2023;14.2
ITEM008;7;2;2023;11.4
ITEM008;8;2;2023;12.3
ITEM008;9;3;2023;0.0
ITEM008;10;3;2023;16.5
ITEM008;11;3;2023;13.5
ITEM008;12;3;2023;15.9
ITEM008;13;4;2023;13.0
ITEM008;14;4;2023;0.0
ITEM008;15;4;2023;14.4
ITEM008;16;4;2023;20.6
ITEM008;17;5;2023;18.6
ITEM008;18;5;2023;13.7
ITEM008;19;5;2023;19.4
ITEM008;20;5;2023;14.4
ITEM008;21;6;2023;19.0
ITEM008;22;6;2023;15.3
ITEM008;23;6;2023;14.4
ITEM008;24;6;2023;22.9
ITEM008;25;7;2023;16.9
ITEM008;26;7;2023;0.0
ITEM008;27;7;2023;17.6
ITEM008;28;7;2023;14.2
ITEM008;29;8;2023;16.1
ITEM008;30;8;2023;13.4
ITEM008;31;8;2023;0.0
ITEM008;32;8;2023;17.8
ITEM008;33;9;2023;14.9
ITEM008;34;9;2023;15.9
ITEM008;35;9;2023;15.9
ITEM008;36;9;2023;15.3
ITEM008;37;10;2023;14.5
ITEM008;38;10;2023;13.7
ITEM008;39;10;2023;11.7
ITEM008;40;10;2023;15.5
ITEM008;41;11;2023;10.8
ITEM008;42;11;2023;0.0
ITEM008;43;11;2023;10.0
ITEM008;44;11;2023;9.8
ITEM008;45;12;2023;0.0
ITEM008;46;12;2023;6.0
ITEM008;47;12;2023;15.6
ITEM008;48;12;2023;10.8
ITEM008;49;12;2023;15.8
ITEM008;50;12;2023;0.0
ITEM008;51;12;2023;12.1
ITEM008;52;12;2023;6.7
ITEM008;1;1;2024;12.7
ITEM008;2;1;2024;10.8
ITEM008;3;1;2024;11.0
ITEM008;4;1;2024;13.4
ITEM008;5;2;2024;8.0
ITEM008;6;2;2024;7.2
ITEM008;7;2;2024;14.5
ITEM008;8;2;2024;0.0
ITEM008;9;3;2024;10.2
ITEM008;10;3;2024;19.6
ITEM008;11;3;2024;9.1
ITEM008;12;3;2024;15.1
ITEM008;13;4;2024;14.6
ITEM008;14;4;2024;14.6
ITEM008;15;4;2024;0.0
ITEM008;16;4;2024;21.3
ITEM008;17;5;2024;0.0
ITEM008;18;5;2024;16.7
ITEM008;19;5;2024;16.6
ITEM008;20;5;2024;19.9
ITEM008;21;6;2024;13.5
ITEM008;22;6;2024;19.8
ITEM008;23;6;2024;19.0
ITEM008;24;6;2024;16.5
ITEM008;25;7;2024;19.6
ITEM008;26;7;2024;18.2
ITEM008;27;7;2024;23.3
ITEM008;28;7;2024;17.1
ITEM008;29;8;2024;14.4
ITEM008;30;8;2024;18.3
ITEM008;31;8;2024;0.0
ITEM008;32;8;2024;15.9
ITEM008;33;9;2024;11.6
ITEM008;34;9;2024;16.6
ITEM008;35;9;2024;12.8
ITEM008;36;9;2024;0.0
ITEM008;37;10;2024;19.3
ITEM008;38;10;2024;11.7
ITEM008;39;10;2024;14.1
ITEM008;40;10;2024;0.0
ITEM008;41;11;2024;8.8
ITEM008;42;11;2024;14.3
ITEM008;43;11;2024;4.3
ITEM008;44;11;2024;12.6
ITEM008;45;12;2024;3.3
ITEM008;46;12;2024;11.7
ITEM008;47;12;2024;16.4
ITEM008;48;12;2024;0.0
ITEM008;49;12;2024;15.0
ITEM008;50;12;2024;18.3
ITEM008;51;12;2024;22.3
ITEM008;52;12;2024;4.4
ITEM008;1;1;2025;6.6
ITEM008;2;1;2025;5.6
ITEM008;3;1;2025;9.4
ITEM008;4;1;2025;13.2
ITEM008;5;2;2025;6.6
ITEM008;6;2;2025;11.4
ITEM008;7;2;2025;14.7
ITEM008;8;2;2025;0.0
ITEM008;9;3;2025;5.4
ITEM008;10;3;2025;14.4
ITEM008;11;3;2025;18.1
ITEM008;12;3;2025;11.8
ITEM008;13;4;2025;10.3
ITEM008;14;4;2025;0.0
ITEM008;15;4;2025;0.0
ITEM008;16;4;2025;15.7
ITEM008;17;5;2025;15.6
ITEM008;18;5;2025;18.1
ITEM008;19;5;2025;15.1
ITEM008;20;5;2025;0.0
ITEM008;21;6;2025;20.8
ITEM008;22;6;2025;15.4
ITEM008;23;6;2025;13.8
ITEM008;24;6;2025;16.9
ITEM008;25;7;2025;17.4
ITEM008;26;7;2025;20.0
ITEM008;27;7;2025;16.6
ITEM008;28;7;2025;22.4
ITEM008;29;8;2025;18.0
ITEM008;30;8;2025;14.9
ITEM008;31;8;2025;18.1
ITEM008;32;8;2025;0.0
ITEM008;33;9;2025;17.7
ITEM008;34;9;2025;10.7
ITEM008;35;9;2025;13.5
ITEM008;36;9;2025;14.8
ITEM008;37;10;2025;15.3
ITEM008;38;10;2025;12.3
ITEM008;39;10;2025;11.3
ITEM008;40;10;2025;17.1
ITEM008;41;11;2025;13.3
ITEM008;42;11;2025;12.1
ITEM008;43;11;2025;8.7
ITEM008;44;11;2025;6.7
ITEM008;45;12;2025;11.0
ITEM008;46;12;2025;11.8
ITEM008;47;12;2025;16.8
ITEM008;48;12;2025;18.7
ITEM008;49;12;2025;18.8
ITEM008;50;12;2025;0.0
ITEM008;51;12;2025;12.3
ITEM008;52;12;2025;8.4
ITEM008;1;1;2026;0.0
ITEM008;2;1;2026;10.2
ITEM008;3;1;2026;12.6
ITEM008;4;1;2026;12.2
ITEM008;5;2;2026;4.9
ITEM008;6;2;2026;15.2
ITEM008;7;2;2026;11.0
ITEM008;8;2;2026;10.5
ITEM008;9;3;2026;16.9
ITEM008;10;3;2026;16.1
ITEM008;11;3;2026;18.5
ITEM008;12;3;2026;0.0
ITEM008;13;4;2026;15.0
ITEM008;14;4;2026;17.1
ITEM008;15;4;2026;14.1
ITEM008;16;4;2026;13.6
ITEM008;17;5;2026;0.0
ITEM008;18;5;2026;23.1
ITEM008;19;5;2026;17.2
ITEM008;20;5;2026;13.9
ITEM008;21;6;2026;18.8
ITEM008;22;6;2026;17.7
ITEM009;7;2;2023;176.9
ITEM009;8;2;2023;173.8
ITEM009;9;3;2023;190.1
ITEM009;10;3;2023;195.0
ITEM009;11;3;2023;217.9
ITEM009;12;3;2023;220.6
ITEM009;13;4;2023;202.2
ITEM009;14;4;2023;245.6
ITEM009;15;4;2023;254.3
ITEM009;16;4;2023;303.3
ITEM009;17;5;2023;298.6
ITEM009;18;5;2023;277.1
ITEM009;19;5;2023;270.1
ITEM009;20;5;2023;262.0
ITEM009;21;6;2023;281.8
ITEM009;22;6;2023;263.8
ITEM009;23;6;2023;302.2
ITEM009;24;6;2023;241.5
ITEM009;25;7;2023;295.6
ITEM009;26;7;2023;0.0
ITEM009;27;7;2023;316.5
ITEM009;28;7;2023;249.0
ITEM009;29;8;2023;233.8
ITEM009;30;8;2023;284.6
ITEM009;31;8;2023;261.0
ITEM009;32;8;2023;237.2
ITEM009;33;9;2023;246.2
ITEM009;34;9;2023;204.8
ITEM009;35;9;2023;226.2
ITEM009;36;9;2023;181.4
ITEM009;37;10;2023;208.8
ITEM009;38;10;2023;178.4
ITEM009;39;10;2023;181.0
ITEM009;40;10;2023;173.1
ITEM009;41;11;2023;198.3
ITEM009;42;11;2023;162.3
ITEM009;43;11;2023;166.0
ITEM009;44;11;2023;149.2
ITEM009;45;12;2023;0.0
ITEM009;46;12;2023;125.4
ITEM009;47;12;2023;242.6
ITEM009;48;12;2023;259.9
ITEM009;49;12;2023;277.4
ITEM009;50;12;2023;278.9
ITEM009;51;12;2023;242.6
ITEM009;52;12;2023;148.9
ITEM009;1;1;2024;125.7
ITEM009;2;1;2024;166.8
ITEM009;3;1;2024;138.5
ITEM009;4;1;2024;182.7
ITEM009;5;2;2024;178.1
ITEM009;6;2;2024;161.7
ITEM009;7;2;2024;198.4
ITEM009;8;2;2024;183.0
ITEM009;9;3;2024;262.6
ITEM009;10;3;2024;206.1
ITEM009;11;3;2024;217.0
ITEM009;12;3;2024;172.5
ITEM009;13;4;2024;243.8
ITEM009;14;4;2024;218.6
ITEM009;15;4;2024;0.0
ITEM009;16;4;2024;240.8
ITEM009;17;5;2024;297.7
ITEM009;18;5;2024;275.7
ITEM009;19;5;2024;295.3
ITEM009;20;5;2024;294.2
ITEM009;21;6;2024;323.6
ITEM009;22;6;2024;248.4
ITEM009;23;6;2024;279.0
ITEM009;24;6;2024;299.8
ITEM009;25;7;2024;259.0
ITEM009;26;7;2024;313.0
ITEM009;27;7;2024;292.9
ITEM009;28;7;2024;269.6
ITEM009;29;8;2024;275.7
ITEM009;30;8;2024;219.7
ITEM009;31;8;2024;245.1
ITEM009;32;8;2024;0.0
ITEM009;33;9;2024;231.2
ITEM009;34;9;2024;192.7
ITEM009;35;9;2024;215.6
ITEM009;36;9;2024;162.3
ITEM009;37;10;2024;203.0
ITEM009;38;10;2024;214.0
ITEM009;39;10;2024;141.3
ITEM009;40;10;2024;184.9
ITEM009;41;11;2024;188.1
ITEM009;42;11;2024;194.9
ITEM009;43;11;2024;133.6
ITEM009;44;11;2024;135.5
ITEM009;45;12;2024;164.8
ITEM009;46;12;2024;121.2
ITEM009;47;12;2024;284.2
ITEM009;48;12;2024;242.6
ITEM009;49;12;2024;282.0
ITEM009;50;12;2024;242.6
ITEM009;51;12;2024;299.5
ITEM009;52;12;2024;165.5
ITEM009;1;1;2025;141.0
ITEM009;2;1;2025;185.6
ITEM009;3;1;2025;153.3
ITEM009;4;1;2025;168.0
ITEM009;5;2;2025;189.7
ITEM009;6;2;2025;190.5
ITEM009;7;2;2025;205.7
ITEM009;8;2;2025;200.9
ITEM009;9;3;2025;198.9
ITEM009;10;3;2025;221.2
ITEM009;11;3;2025;242.0
ITEM009;12;3;2025;254.8
ITEM009;13;4;2025;237.3
ITEM009;14;4;2025;258.3
ITEM009;15;4;2025;280.9
ITEM009;16;4;2025;330.2
ITEM009;17;5;2025;268.2
ITEM009;18;5;2025;280.6
ITEM009;19;5;2025;259.1
ITEM009;20;5;2025;288.3
ITEM009;21;6;2025;300.2
ITEM009;22;6;2025;295.6
ITEM009;23;6;2025;280.6
ITEM009;24;6;2025;293.3
ITEM009;25;7;2025;275.8
ITEM009;26;7;2025;319.9
ITEM009;27;7;2025;298.6
ITEM009;28;7;2025;278.0
ITEM009;29;8;2025;268.5
ITEM009;30;8;2025;290.6
ITEM009;31;8;2025;228.9
ITEM009;32;8;2025;290.3
ITEM009;33;9;2025;272.0
ITEM009;34;9;2025;0.0
ITEM009;35;9;2025;240.2
ITEM009;36;9;2025;198.9
ITEM009;37;10;2025;184.8
ITEM009;38;10;2025;166.2
ITEM009;39;10;2025;164.1
ITEM009;40;10;2025;220.4
ITEM009;41;11;2025;204.3
ITEM009;42;11;2025;170.1
ITEM009;43;11;2025;142.2
ITEM009;44;11;2025;182.6
ITEM009;45;12;2025;168.3
ITEM009;46;12;2025;149.5
ITEM009;47;12;2025;268.6
ITEM009;48;12;2025;291.6
ITEM009;49;12;2025;222.6
ITEM009;50;12;2025;218.2
ITEM009;51;12;2025;294.2
ITEM009;52;12;2025;192.9
ITEM009;1;1;2026;151.8
ITEM009;2;1;2026;123.1
ITEM009;3;1;2026;177.8
ITEM009;4;1;2026;141.1
ITEM009;5;2;2026;186.8
ITEM009;6;2;2026;193.5
ITEM009;7;2;2026;205.2
ITEM009;8;2;2026;215.2
ITEM009;9;3;2026;207.1
ITEM009;10;3;2026;190.9
ITEM009;11;3;2026;250.0
ITEM009;12;3;2026;247.2
ITEM009;13;4;2026;250.8
ITEM009;14;4;2026;229.7
ITEM009;15;4;2026;253.4
ITEM009;16;4;2026;280.0
ITEM009;17;5;2026;330.4
ITEM009;18;5;2026;264.0
ITEM009;19;5;2026;0.0
ITEM009;20;5;2026;318.7
ITEM009;21;6;2026;279.1
ITEM009;22;6;2026;323.9
ITEM009;23;6;2026;267.3
ITEM009;24;6;2026;271.3
ITEM009;25;7;2026;327.2
ITEM009;26;7;2026;313.5
ITEM009;27;7;2026;326.7
ITEM009;28;7;2026;326.3
ITEM009;29;8;2026;310.8
ITEM009;30;8;2026;246.2
ITEM009;31;8;2026;262.8
ITEM009;32;8;2026;202.1
ITEM009;33;9;2026;252.1
ITEM009;34;9;2026;257.2
ITEM009;35;9;2026;252.3
ITEM009;36;9;2026;216.9
ITEM009;37;10;2026;204.1
ITEM009;38;10;2026;208.2
ITEM009;39;10;2026;198.0
ITEM009;40;10;2026;172.4
ITEM009;41;11;2026;152.5
ITEM009;42;11;2026;164.0
ITEM009;43;11;2026;177.8
ITEM009;44;11;2026;157.9
ITEM009;45;12;2026;114.5
ITEM009;46;12;2026;109.5
ITEM009;47;12;2026;276.6
ITEM009;48;12;2026;268.9
ITEM009;49;12;2026;274.6
ITEM009;50;12;2026;287.2
ITEM009;51;12;2026;272.2
ITEM009;52;12;2026;134.6
ITEM010;26;7;2022;0.0
ITEM010;27;7;2022;18.0
ITEM010;28;7;2022;16.3
ITEM010;29;8;2022;21.1
ITEM010;30;8;2022;18.0
ITEM010;31;8;2022;0.0
ITEM010;32;8;2022;13.5
ITEM010;33;9;2022;13.0
ITEM010;34;9;2022;14.9
ITEM010;35;9;2022;0.0
ITEM010;36;9;2022;11.0
ITEM010;37;10;2022;8.3
ITEM010;38;10;2022;11.0
ITEM010;39;10;2022;12.4
ITEM010;40;10;2022;8.2
ITEM010;41;11;2022;0.0
ITEM010;42;11;2022;12.2
ITEM010;43;11;2022;0.0
ITEM010;44;11;2022;8.3
ITEM010;45;12;2022;0.0
ITEM010;46;12;2022;5.8
ITEM010;47;12;2022;13.4
ITEM010;48;12;2022;0.0
ITEM010;49;12;2022;19.0
ITEM010;50;12;2022;14.7
ITEM010;51;12;2022;0.0
ITEM010;52;12;2022;9.3
ITEM010;1;1;2023;9.2
ITEM010;2;1;2023;12.8
ITEM010;3;1;2023;8.7
ITEM010;4;1;2023;9.6
ITEM010;5;2;2023;9.0
ITEM010;6;2;2023;0.0
ITEM010;7;2;2023;0.0
ITEM010;8;2;2023;16.1
ITEM010;9;3;2023;0.0
ITEM011;21;6;2022;86.1
ITEM011;22;6;2022;69.1
ITEM011;23;6;2022;66.5
ITEM011;24;6;2022;74.3
ITEM011;25;7;2022;66.5
ITEM011;26;7;2022;82.6
ITEM011;27;7;2022;81.8
ITEM011;28;7;2022;68.9
ITEM011;29;8;2022;69.5
ITEM011;30;8;2022;64.4
ITEM011;31;8;2022;58.2
ITEM011;32;8;2022;57.8
ITEM011;33;9;2022;58.0
ITEM011;34;9;2022;64.0
ITEM011;35;9;2022;62.9
ITEM011;36;9;2022;63.7
ITEM011;37;10;2022;43.1
ITEM011;38;10;2022;51.0
ITEM011;39;10;2022;51.6
ITEM011;40;10;2022;34.4
ITEM011;41;11;2022;39.2
ITEM011;42;11;2022;24.5
ITEM011;43;11;2022;39.1
ITEM011;44;11;2022;42.3
ITEM011;45;12;2022;22.2
ITEM011;46;12;2022;26.1
ITEM011;47;12;2022;58.2
ITEM011;48;12;2022;55.7
ITEM011;49;12;2022;63.1
ITEM011;50;12;2022;66.3
ITEM011;51;12;2022;68.0
ITEM011;52;12;2022;37.6
ITEM011;1;1;2023;45.0
ITEM011;2;1;2023;34.0
ITEM011;3;1;2023;33.3
ITEM011;4;1;2023;49.7
ITEM011;5;2;2023;39.8
ITEM011;6;2;2023;38.3
ITEM011;7;2;2023;54.4
ITEM011;8;2;2023;45.0
ITEM011;9;3;2023;53.9
ITEM011;10;3;2023;48.4
ITEM011;11;3;2023;58.8
ITEM011;12;3;2023;62.2
ITEM011;13;4;2023;70.2
ITEM011;14;4;2023;60.6
ITEM011;15;4;2023;65.8
ITEM011;16;4;2023;69.8
ITEM011;17;5;2023;69.0
ITEM011;18;5;2023;65.5
ITEM011;19;5;2023;79.3
ITEM011;20;5;2023;73.8
ITEM011;21;6;2023;63.3
ITEM011;22;6;2023;66.5
ITEM011;23;6;2023;72.3
ITEM011;24;6;2023;70.7
ITEM011;25;7;2023;0.0
ITEM011;26;7;2023;65.7
ITEM011;27;7;2023;83.6
ITEM011;28;7;2023;77.9
ITEM011;29;8;2023;78.5
ITEM011;30;8;2023;78.6
ITEM011;31;8;2023;63.1
ITEM011;32;8;2023;67.2
ITEM011;33;9;2023;45.8
ITEM011;34;9;2023;61.8
ITEM011;35;9;2023;50.3
ITEM011;36;9;2023;49.5
ITEM011;37;10;2023;52.3
ITEM011;38;10;2023;47.6
ITEM011;39;10;2023;41.5
ITEM011;40;10;2023;39.5
ITEM011;41;11;2023;34.1
ITEM011;42;11;2023;29.4
ITEM011;43;11;2023;27.2
ITEM011;44;11;2023;40.8
ITEM011;45;12;2023;32.1
ITEM011;46;12;2023;42.7
ITEM011;47;12;2023;69.7
ITEM011;48;12;2023;67.3
ITEM011;49;12;2023;56.8
ITEM011;50;12;2023;56.8
ITEM011;51;12;2023;65.8
ITEM011;52;12;2023;33.2
ITEM011;1;1;2024;30.8
ITEM011;2;1;2024;38.0
ITEM011;3;1;2024;39.1
ITEM011;4;1;2024;39.7
ITEM011;5;2;2024;49.0
ITEM011;6;2;2024;56.0
ITEM011;7;2;2024;46.0
ITEM011;8;2;2024;46.4
ITEM011;9;3;2024;64.2
ITEM011;10;3;2024;55.1
ITEM011;11;3;2024;62.0
ITEM011;12;3;2024;53.9
ITEM011;13;4;2024;56.4
ITEM011;14;4;2024;62.2
ITEM011;15;4;2024;67.6
ITEM011;16;4;2024;70.3
ITEM011;17;5;2024;67.8
ITEM011;18;5;2024;75.3
ITEM011;19;5;2024;76.2
ITEM011;20;5;2024;85.7
ITEM011;21;6;2024;70.5
ITEM011;22;6;2024;81.2
ITEM011;23;6;2024;76.2
ITEM011;24;6;2024;72.7
ITEM011;25;7;2024;68.0
ITEM011;26;7;2024;76.3
ITEM011;27;7;2024;71.9
ITEM011;28;7;2024;73.4
ITEM011;29;8;2024;62.5
ITEM011;30;8;2024;70.3
ITEM011;31;8;2024;67.8
ITEM011;32;8;2024;70.5
ITEM011;33;9;2024;72.7
ITEM011;34;9;2024;62.8
ITEM011;35;9;2024;53.5
ITEM011;36;9;2024;56.2
ITEM011;37;10;2024;50.7
ITEM011;38;10;2024;52.2
ITEM011;39;10;2024;36.1
ITEM011;40;10;2024;52.1
ITEM011;41;11;2024;37.2
ITEM011;42;11;2024;34.9
ITEM011;43;11;2024;38.9
ITEM011;44;11;2024;35.5
ITEM011;45;12;2024;0.0
ITEM011;46;12;2024;35.6
ITEM011;47;12;2024;73.0
ITEM011;48;12;2024;65.2
ITEM011;49;12;2024;67.5
ITEM011;50;12;2024;77.8
ITEM011;51;12;2024;61.9
ITEM011;52;12;2024;0.0
ITEM011;1;1;2025;36.4
ITEM011;2;1;2025;26.5
ITEM011;3;1;2025;32.7
ITEM011;4;1;2025;33.0
ITEM011;5;2;2025;27.1
ITEM011;6;2;2025;40.6
ITEM011;7;2;2025;0.0
ITEM011;8;2;2025;46.0
ITEM011;9;3;2025;44.7
ITEM011;10;3;2025;40.8
ITEM011;11;3;2025;55.5
ITEM011;12;3;2025;59.1
ITEM011;13;4;2025;52.5
ITEM011;14;4;2025;63.1
ITEM011;15;4;2025;67.3
ITEM011;16;4;2025;71.8
ITEM011;17;5;2025;76.1
ITEM011;18;5;2025;79.8
ITEM011;19;5;2025;70.3
ITEM011;20;5;2025;71.9
ITEM011;21;6;2025;69.9
ITEM011;22;6;2025;76.7
ITEM011;23;6;2025;88.5
ITEM011;24;6;2025;76.3
ITEM011;25;7;2025;61.2
ITEM011;26;7;2025;67.2
ITEM011;27;7;2025;75.0
ITEM011;28;7;2025;55.5
ITEM011;29;8;2025;74.1
ITEM011;30;8;2025;63.5
ITEM011;31;8;2025;75.5
ITEM011;32;8;2025;74.4
ITEM011;33;9;2025;60.2
ITEM011;34;9;2025;60.2
ITEM011;35;9;2025;58.4
ITEM011;36;9;2025;58.5
ITEM011;37;10;2025;52.9
ITEM011;38;10;2025;51.2
ITEM011;39;10;2025;41.2
ITEM011;40;10;2025;40.8
ITEM011;41;11;2025;43.4
ITEM011;42;11;2025;42.3
ITEM011;43;11;2025;51.3
ITEM011;44;11;2025;41.7
ITEM011;45;12;2025;29.3
ITEM011;46;12;2025;34.2
ITEM011;47;12;2025;66.0
ITEM011;48;12;2025;66.7
ITEM011;49;12;2025;69.1
ITEM011;50;12;2025;64.7
ITEM011;51;12;2025;77.3
ITEM011;52;12;2025;27.9
ITEM011;1;1;2026;36.9
ITEM011;2;1;2026;51.5
ITEM011;3;1;2026;36.3
ITEM011;4;1;2026;38.3
ITEM011;5;2;2026;56.7
ITEM011;6;2;2026;49.6
ITEM011;7;2;2026;49.1
ITEM011;8;2;2026;51.6
ITEM011;9;3;2026;62.4
ITEM011;10;3;2026;53.5
ITEM011;11;3;2026;51.2
ITEM011;12;3;2026;54.3
ITEM011;13;4;2026;67.6
ITEM011;14;4;2026;62.3
ITEM011;15;4;2026;71.3
ITEM011;16;4;2026;0.0
ITEM011;17;5;2026;77.6
ITEM011;18;5;2026;0.0
ITEM011;19;5;2026;79.1
ITEM011;20;5;2026;57.9
ITEM011;21;6;2026;88.0
ITEM011;22;6;2026;75.0
ITEM011;23;6;2026;68.3
ITEM011;24;6;2026;65.5
ITEM011;25;7;2026;0.0
ITEM011;26;7;2026;78.8
ITEM011;27;7;2026;73.1
ITEM011;28;7;2026;73.6
ITEM011;29;8;2026;63.1
ITEM011;30;8;2026;74.1
ITEM011;31;8;2026;74.8
ITEM011;32;8;2026;60.9
ITEM011;33;9;2026;68.2
ITEM011;34;9;2026;81.2
ITEM011;35;9;2026;66.0
ITEM011;36;9;2026;58.2
ITEM011;37;10;2026;47.2
ITEM011;38;10;2026;58.7
ITEM011;39;10;2026;53.5
ITEM011;40;10;2026;43.6
ITEM011;41;11;2026;48.8
ITEM011;42;11;2026;35.6
ITEM011;43;11;2026;42.9
ITEM011;44;11;2026;38.7
ITEM011;45;12;2026;50.1
ITEM011;46;12;2026;37.7
ITEM011;47;12;2026;86.7
ITEM011;48;12;2026;69.3
ITEM011;49;12;2026;72.8
ITEM011;50;12;2026;0.0
ITEM011;51;12;2026;75.8
ITEM011;52;12;2026;23.9
ITEM012;34;9;2022;82.7
ITEM012;35;9;2022;86.5
ITEM012;36;9;2022;104.1
ITEM012;37;10;2022;83.4
ITEM012;38;10;2022;88.7
ITEM012;39;10;2022;84.5
ITEM012;40;10;2022;75.6
ITEM012;41;11;2022;54.2
ITEM012;42;11;2022;73.9
ITEM012;43;11;2022;46.9
ITEM012;44;11;2022;49.2
ITEM012;45;12;2022;57.6
ITEM012;46;12;2022;0.0
ITEM012;47;12;2022;107.1
ITEM012;48;12;2022;0.0
ITEM012;49;12;2022;95.8
ITEM012;50;12;2022;109.8
ITEM012;51;12;2022;132.2
ITEM012;52;12;2022;67.6
ITEM012;1;1;2023;39.3
ITEM012;2;1;2023;54.6
ITEM012;3;1;2023;53.9
ITEM012;4;1;2023;62.8
ITEM012;5;2;2023;69.3
ITEM012;6;2;2023;64.6
ITEM012;7;2;2023;84.3
ITEM012;8;2;2023;90.3
ITEM012;9;3;2023;93.9
ITEM012;10;3;2023;77.6
ITEM012;11;3;2023;94.3
ITEM012;12;3;2023;105.6
ITEM012;13;4;2023;107.5
ITEM012;14;4;2023;110.7
ITEM012;15;4;2023;0.0
ITEM012;16;4;2023;105.7
ITEM012;17;5;2023;96.0
ITEM012;18;5;2023;113.1
ITEM012;19;5;2023;115.9
ITEM012;20;5;2023;145.6
ITEM012;21;6;2023;115.0
ITEM012;22;6;2023;134.0
ITEM012;23;6;2023;145.3
ITEM012;24;6;2023;142.0
ITEM012;25;7;2023;121.4
ITEM012;26;7;2023;128.8
ITEM012;27;7;2023;121.2
ITEM012;28;7;2023;108.6
ITEM012;29;8;2023;127.8
ITEM012;30;8;2023;117.2
ITEM012;31;8;2023;98.7
ITEM012;32;8;2023;100.6
ITEM012;33;9;2023;99.0
ITEM012;34;9;2023;108.8
ITEM012;35;9;2023;80.7
ITEM012;36;9;2023;65.8
ITEM012;37;10;2023;72.4
ITEM012;38;10;2023;82.3
ITEM012;39;10;2023;66.3
ITEM012;40;10;2023;70.5
ITEM012;41;11;2023;63.8
ITEM012;42;11;2023;44.9
ITEM012;43;11;2023;55.7
ITEM012;44;11;2023;57.9
ITEM012;45;12;2023;67.5
ITEM012;46;12;2023;76.2
ITEM012;47;12;2023;99.7
ITEM012;48;12;2023;108.6
ITEM012;49;12;2023;111.8
ITEM012;50;12;2023;131.4
ITEM012;51;12;2023;102.4
ITEM012;52;12;2023;48.3
ITEM012;1;1;2024;54.8
ITEM012;2;1;2024;52.2
ITEM012;3;1;2024;70.1
ITEM012;4;1;2024;76.3
ITEM012;5;2;2024;72.3
ITEM012;6;2;2024;75.3
ITEM012;7;2;2024;91.3
ITEM012;8;2;2024;79.4
ITEM012;9;3;2024;93.7
ITEM012;10;3;2024;87.7
ITEM012;11;3;2024;82.7
ITEM012;12;3;2024;110.5
ITEM012;13;4;2024;105.7
ITEM012;14;4;2024;117.4
ITEM012;15;4;2024;114.5
ITEM012;16;4;2024;119.1
ITEM012;17;5;2024;108.4
ITEM012;18;5;2024;145.6
ITEM012;19;5;2024;126.8
ITEM012;20;5;2024;137.1
ITEM012;21;6;2024;0.0
ITEM012;22;6;2024;119.5
ITEM012;23;6;2024;134.2
ITEM012;24;6;2024;112.9
ITEM012;25;7;2024;140.1
ITEM012;26;7;2024;121.3
ITEM012;27;7;2024;130.1
ITEM012;28;7;2024;123.1
ITEM012;29;8;2024;129.4
ITEM012;30;8;2024;127.1
ITEM012;31;8;2024;113.3
ITEM012;32;8;2024;92.4
ITEM012;33;9;2024;121.2
ITEM012;34;9;2024;86.4
ITEM012;35;9;2024;100.8
ITEM012;36;9;2024;105.6
ITEM012;37;10;2024;92.9
ITEM012;38;10;2024;77.4
ITEM012;39;10;2024;81.7
ITEM012;40;10;2024;70.4
ITEM012;41;11;2024;66.5
ITEM012;42;11;2024;71.6
ITEM012;43;11;2024;40.8
ITEM012;44;11;2024;61.3
ITEM012;45;12;2024;63.0
ITEM012;46;12;2024;60.7
ITEM012;47;12;2024;103.4
ITEM012;48;12;2024;115.5
ITEM012;49;12;2024;110.5
ITEM012;50;12;2024;131.2
ITEM012;51;12;2024;117.0
ITEM012;52;12;2024;54.9
ITEM012;1;1;2025;69.8
ITEM012;2;1;2025;47.5
ITEM012;3;1;2025;67.7
ITEM012;4;1;2025;72.8
ITEM012;5;2;2025;74.3
ITEM012;6;2;2025;0.0
ITEM012;7;2;2025;81.6
ITEM012;8;2;2025;73.5
ITEM012;9;3;2025;106.6
ITEM012;10;3;2025;94.3
ITEM012;11;3;2025;102.5
ITEM012;12;3;2025;87.7
ITEM012;13;4;2025;100.1
ITEM012;14;4;2025;115.9
ITEM012;15;4;2025;123.8
ITEM012;16;4;2025;107.8
ITEM012;17;5;2025;106.7
ITEM012;18;5;2025;127.5
ITEM012;19;5;2025;121.2
ITEM012;20;5;2025;111.2
ITEM012;21;6;2025;110.8
ITEM012;22;6;2025;122.7
ITEM012;23;6;2025;139.7
ITEM012;24;6;2025;140.8
ITEM012;25;7;2025;130.9
ITEM012;26;7;2025;128.5
ITEM012;27;7;2025;121.5
ITEM012;28;7;2025;101.0
ITEM012;29;8;2025;131.6
ITEM012;30;8;2025;121.6
ITEM012;31;8;2025;106.1
ITEM012;32;8;2025;124.5
ITEM012;33;9;2025;95.3
ITEM012;34;9;2025;114.4
ITEM012;35;9;2025;81.6
ITEM012;36;9;2025;120.5
ITEM012;37;10;2025;77.0
ITEM012;38;10;2025;98.6
ITEM012;39;10;2025;76.3
ITEM012;40;10;2025;84.9
ITEM012;41;11;2025;93.0
ITEM012;42;11;2025;69.3
ITEM012;43;11;2025;93.4
ITEM012;44;11;2025;84.6
ITEM012;45;12;2025;49.6
ITEM012;46;12;2025;62.6
ITEM012;47;12;2025;111.7
ITEM012;48;12;2025;113.9
ITEM012;49;12;2025;109.5
ITEM012;50;12;2025;104.5
ITEM012;51;12;2025;113.6
ITEM012;52;12;2025;68.8
ITEM012;1;1;2026;39.7
ITEM012;2;1;2026;76.4
ITEM012;3;1;2026;71.6
ITEM012;4;1;2026;88.4
ITEM012;5;2;2026;71.8
ITEM012;6;2;2026;74.1
ITEM012;7;2;2026;75.9
ITEM012;8;2;2026;93.1
ITEM012;9;3;2026;73.7
ITEM012;10;3;2026;89.1
ITEM012;11;3;2026;102.7
ITEM012;12;3;2026;90.0
ITEM012;13;4;2026;109.9
ITEM012;14;4;2026;126.3
ITEM012;15;4;2026;128.4
ITEM012;16;4;2026;118.9
ITEM012;17;5;2026;133.0
ITEM012;18;5;2026;130.5
ITEM012;19;5;2026;129.9
ITEM012;20;5;2026;136.2
ITEM012;21;6;2026;127.4
ITEM012;22;6;2026;129.1
ITEM012;23;6;2026;136.7
ITEM012;24;6;2026;132.0
ITEM012;25;7;2026;142.8
ITEM012;26;7;2026;138.0
ITEM012;27;7;2026;136.3
ITEM012;28;7;2026;131.9
ITEM012;29;8;2026;125.6
ITEM012;30;8;2026;128.4
ITEM012;31;8;2026;128.1
ITEM012;32;8;2026;117.8
ITEM012;33;9;2026;102.0
ITEM012;34;9;2026;106.5
ITEM012;35;9;2026;87.5
ITEM012;36;9;2026;110.9
ITEM012;37;10;2026;101.5
ITEM012;38;10;2026;81.4
ITEM012;39;10;2026;79.4
ITEM012;40;10;2026;95.4
ITEM012;41;11;2026;71.5
ITEM012;42;11;2026;60.1
ITEM012;43;11;2026;60.6
ITEM012;44;11;2026;66.8
ITEM012;45;12;2026;63.0
ITEM012;46;12;2026;62.1
ITEM012;47;12;2026;124.4
ITEM012;48;12;2026;110.8
ITEM012;49;12;2026;120.5
ITEM012;50;12;2026;105.3
ITEM012;51;12;2026;129.7
ITEM012;52;12;2026;55.8
ITEM013;3;1;2023;17.6
ITEM013;4;1;2023;23.2
ITEM013;5;2;2023;14.3
ITEM013;6;2;2023;19.8
ITEM013;7;2;2023;22.9
ITEM013;8;2;2023;26.8
ITEM013;9;3;2023;27.4
ITEM013;10;3;2023;0.0
ITEM013;11;3;2023;26.7
ITEM013;12;3;2023;32.3
ITEM013;13;4;2023;28.4
ITEM013;14;4;2023;30.6
ITEM013;15;4;2023;35.8
ITEM013;16;4;2023;41.8
ITEM013;17;5;2023;33.8
ITEM013;18;5;2023;35.7
ITEM013;19;5;2023;37.5
ITEM013;20;5;2023;39.6
ITEM013;21;6;2023;39.3
ITEM013;22;6;2023;33.0
ITEM013;23;6;2023;36.7
ITEM013;24;6;2023;39.6
ITEM013;25;7;2023;41.0
ITEM013;26;7;2023;34.2
ITEM013;27;7;2023;35.6
ITEM013;28;7;2023;35.4
ITEM013;29;8;2023;33.2
ITEM013;30;8;2023;33.3
ITEM013;31;8;2023;22.7
ITEM013;32;8;2023;43.2
ITEM013;33;9;2023;38.4
ITEM013;34;9;2023;27.3
ITEM013;35;9;2023;26.4
ITEM013;36;9;2023;19.1
ITEM013;37;10;2023;17.3
ITEM013;38;10;2023;25.3
ITEM013;39;10;2023;26.5
ITEM013;40;10;2023;24.5
ITEM013;41;11;2023;16.8
ITEM013;42;11;2023;22.3
ITEM013;43;11;2023;0.0
ITEM013;44;11;2023;16.1
ITEM013;45;12;2023;0.0
ITEM013;46;12;2023;13.7
ITEM013;47;12;2023;0.0
ITEM013;48;12;2023;32.3
ITEM013;49;12;2023;31.6
ITEM013;50;12;2023;22.3
ITEM013;51;12;2023;32.0
ITEM013;52;12;2023;0.0
ITEM013;1;1;2024;18.5
ITEM013;2;1;2024;22.8
ITEM013;3;1;2024;16.8
ITEM013;4;1;2024;19.8
ITEM013;5;2;2024;28.6
ITEM013;6;2;2024;22.6
ITEM013;7;2;2024;22.5
ITEM013;8;2;2024;20.5
ITEM013;9;3;2024;28.2
ITEM013;10;3;2024;0.0
ITEM013;11;3;2024;32.6
ITEM013;12;3;2024;31.3
ITEM013;13;4;2024;27.6
ITEM013;14;4;2024;0.0
ITEM013;15;4;2024;28.9
ITEM013;16;4;2024;25.8
ITEM013;17;5;2024;35.7
ITEM013;18;5;2024;26.3
ITEM013;19;5;2024;34.9
ITEM013;20;5;2024;35.1
ITEM013;21;6;2024;34.8
ITEM013;22;6;2024;38.2
ITEM013;23;6;2024;34.2
ITEM013;24;6;2024;0.0
ITEM013;25;7;2024;41.4
ITEM013;26;7;2024;38.2
ITEM013;27;7;2024;33.7
ITEM013;28;7;2024;34.8
ITEM013;29;8;2024;32.7
ITEM013;30;8;2024;32.6
ITEM013;31;8;2024;33.1
ITEM013;32;8;2024;25.7
ITEM013;33;9;2024;23.8
ITEM013;34;9;2024;25.5
ITEM013;35;9;2024;29.9
ITEM013;36;9;2024;29.3
ITEM013;37;10;2024;28.8
ITEM013;38;10;2024;20.9
ITEM013;39;10;2024;23.6
ITEM013;40;10;2024;20.6
ITEM013;41;11;2024;20.6
ITEM013;42;11;2024;18.6
ITEM013;43;11;2024;20.4
ITEM013;44;11;2024;15.9
ITEM013;45;12;2024;22.7
ITEM013;46;12;2024;0.0
ITEM013;47;12;2024;34.1
ITEM013;48;12;2024;36.2
ITEM013;49;12;2024;26.3
ITEM013;50;12;2024;37.0
ITEM013;51;12;2024;33.8
ITEM013;52;12;2024;15.2
ITEM013;1;1;2025;15.3
ITEM013;2;1;2025;25.3
ITEM013;3;1;2025;22.9
ITEM013;4;1;2025;19.9
ITEM013;5;2;2025;15.7
ITEM013;6;2;2025;0.0
ITEM013;7;2;2025;19.2
ITEM013;8;2;2025;23.3
ITEM013;9;3;2025;25.4
ITEM013;10;3;2025;24.3
ITEM013;11;3;2025;27.7
ITEM013;12;3;2025;29.6
ITEM013;13;4;2025;30.0
ITEM013;14;4;2025;33.2
ITEM013;15;4;2025;39.6
ITEM013;16;4;2025;28.4
ITEM013;17;5;2025;35.5
ITEM013;18;5;2025;31.2
ITEM013;19;5;2025;30.3
ITEM013;20;5;2025;0.0
ITEM013;21;6;2025;38.1
ITEM013;22;6;2025;31.3
ITEM013;23;6;2025;36.7
ITEM013;24;6;2025;30.1
ITEM013;25;7;2025;33.7
ITEM013;26;7;2025;28.1
ITEM013;27;7;2025;35.8
ITEM013;28;7;2025;38.6
ITEM013;29;8;2025;37.4
ITEM013;30;8;2025;32.7
ITEM013;31;8;2025;37.3
ITEM013;32;8;2025;37.9
ITEM013;33;9;2025;34.1
ITEM013;34;9;2025;27.9
ITEM013;35;9;2025;28.4
ITEM013;36;9;2025;34.2
ITEM013;37;10;2025;25.3
ITEM013;38;10;2025;27.7
ITEM013;39;10;2025;21.3
ITEM013;40;10;2025;27.2
ITEM013;41;11;2025;18.8
ITEM013;42;11;2025;20.9
ITEM013;43;11;2025;22.6
ITEM013;44;11;2025;27.1
ITEM013;45;12;2025;20.0
ITEM013;46;12;2025;0.0
ITEM013;47;12;2025;0.0
ITEM013;48;12;2025;36.9
ITEM013;49;12;2025;34.8
ITEM013;50;12;2025;35.8
ITEM013;51;12;2025;39.4
ITEM013;52;12;2025;19.0
ITEM013;1;1;2026;20.8
ITEM013;2;1;2026;18.5
ITEM013;3;1;2026;17.5
ITEM013;4;1;2026;19.1
ITEM013;5;2;2026;12.9
ITEM013;6;2;2026;25.7
ITEM013;7;2;2026;26.4
ITEM013;8;2;2026;27.9
ITEM013;9;3;2026;23.7
ITEM013;10;3;2026;0.0
ITEM013;11;3;2026;27.0
ITEM013;12;3;2026;35.2
ITEM013;13;4;2026;32.6
ITEM013;14;4;2026;33.2
ITEM013;15;4;2026;0.0
ITEM013;16;4;2026;32.6
ITEM013;17;5;2026;37.3
ITEM013;18;5;2026;44.7
ITEM013;19;5;2026;42.5
ITEM013;20;5;2026;39.2
ITEM013;21;6;2026;38.5
ITEM013;22;6;2026;40.5
ITEM013;23;6;2026;44.3
ITEM013;24;6;2026;43.9
ITEM013;25;7;2026;44.8
ITEM013;26;7;2026;38.9
ITEM013;27;7;2026;29.1
ITEM013;28;7;2026;44.5
ITEM013;29;8;2026;33.0
ITEM013;30;8;2026;27.4
ITEM013;31;8;2026;37.4
ITEM013;32;8;2026;25.1
ITEM013;33;9;2026;0.0
ITEM013;34;9;2026;22.8
ITEM013;35;9;2026;0.0
ITEM013;36;9;2026;35.4
ITEM013;37;10;2026;0.0
ITEM013;38;10;2026;26.5
ITEM013;39;10;2026;27.2
ITEM013;40;10;2026;0.0
ITEM013;41;11;2026;20.7
ITEM013;42;11;2026;20.3
ITEM013;43;11;2026;24.0
ITEM013;44;11;2026;0.0
ITEM013;45;12;2026;0.0
ITEM013;46;12;2026;19.3
ITEM013;47;12;2026;32.0
ITEM013;48;12;2026;32.0
ITEM013;49;12;2026;33.7
ITEM013;50;12;2026;26.7
ITEM013;51;12;2026;37.5
ITEM013;52;12;2026;16.6
ITEM014;11;3;2022;122.9
ITEM014;12;3;2022;135.4
ITEM014;13;4;2022;150.1
ITEM014;14;4;2022;134.7
ITEM014;15;4;2022;174.5
ITEM014;16;4;2022;142.0
ITEM014;17;5;2022;144.1
ITEM014;18;5;2022;172.2
ITEM014;19;5;2022;164.6
ITEM014;20;5;2022;158.3
ITEM014;21;6;2022;154.6
ITEM014;22;6;2022;159.3
ITEM014;23;6;2022;171.4
ITEM014;24;6;2022;187.2
ITEM014;25;7;2022;150.1
ITEM014;26;7;2022;169.5
ITEM014;27;7;2022;174.1
ITEM014;28;7;2022;156.5
ITEM014;29;8;2022;176.0
ITEM014;30;8;2022;157.7
ITEM014;31;8;2022;159.8
ITEM014;32;8;2022;154.1
ITEM014;33;9;2022;153.1
ITEM014;34;9;2022;131.9
ITEM014;35;9;2022;147.5
ITEM014;36;9;2022;121.0
ITEM014;37;10;2022;113.2
ITEM014;38;10;2022;106.8
ITEM014;39;10;2022;100.2
ITEM014;40;10;2022;94.8
ITEM014;41;11;2022;94.7
ITEM014;42;11;2022;90.4
ITEM014;43;11;2022;86.0
ITEM014;44;11;2022;79.1
ITEM014;45;12;2022;87.7
ITEM014;46;12;2022;78.2
ITEM014;47;12;2022;154.4
ITEM014;48;12;2022;137.5
ITEM014;49;12;2022;133.5
ITEM014;50;12;2022;156.4
ITEM014;51;12;2022;159.5
ITEM014;52;12;2022;64.9
ITEM014;1;1;2023;66.1
ITEM014;2;1;2023;97.0
ITEM014;3;1;2023;80.3
ITEM014;4;1;2023;82.5
ITEM014;5;2;2023;82.3
ITEM014;6;2;2023;87.6
ITEM014;7;2;2023;131.6
ITEM014;8;2;2023;110.3
ITEM014;9;3;2023;114.3
ITEM014;10;3;2023;110.3
ITEM014;11;3;2023;110.2
ITEM014;12;3;2023;156.6
ITEM014;13;4;2023;154.2
ITEM014;14;4;2023;0.0
ITEM014;15;4;2023;121.6
ITEM014;16;4;2023;154.5
ITEM014;17;5;2023;163.4
ITEM014;18;5;2023;166.8
ITEM014;19;5;2023;136.7
ITEM014;20;5;2023;187.9
ITEM014;21;6;2023;178.1
ITEM014;22;6;2023;146.6
ITEM014;23;6;2023;169.1
ITEM014;24;6;2023;165.8
ITEM014;25;7;2023;173.6
ITEM014;26;7;2023;169.3
ITEM014;27;7;2023;173.7
ITEM014;28;7;2023;144.5
ITEM014;29;8;2023;164.6
ITEM014;30;8;2023;147.6
ITEM014;31;8;2023;147.1
ITEM014;32;8;2023;147.4
ITEM014;33;9;2023;162.0
ITEM014;34;9;2023;143.7
ITEM014;35;9;2023;130.2
ITEM014;36;9;2023;110.4
ITEM014;37;10;2023;119.7
ITEM014;38;10;2023;102.9
ITEM014;39;10;2023;120.7
ITEM014;40;10;2023;102.3
ITEM014;41;11;2023;85.1
ITEM014;42;11;2023;91.8
ITEM014;43;11;2023;100.8
ITEM014;44;11;2023;96.6
ITEM014;45;12;2023;79.8
ITEM014;46;12;2023;88.6
ITEM014;47;12;2023;155.9
ITEM014;48;12;2023;131.8
ITEM014;49;12;2023;148.0
ITEM014;50;12;2023;133.1
ITEM014;51;12;2023;161.3
ITEM014;52;12;2023;71.4
ITEM014;1;1;2024;85.3
ITEM014;2;1;2024;66.3
ITEM014;3;1;2024;91.4
ITEM014;4;1;2024;93.0
ITEM014;5;2;2024;104.9
ITEM014;6;2;2024;101.1
ITEM014;7;2;2024;110.8
ITEM014;8;2;2024;129.5
ITEM014;9;3;2024;133.3
ITEM014;10;3;2024;152.4
ITEM014;11;3;2024;162.0
ITEM014;12;3;2024;170.8
ITEM014;13;4;2024;146.0
ITEM014;14;4;2024;153.9
ITEM014;15;4;2024;180.5
ITEM014;16;4;2024;177.6
ITEM014;17;5;2024;159.2
ITEM014;18;5;2024;160.1
ITEM014;19;5;2024;150.6
ITEM014;20;5;2024;180.4
ITEM014;21;6;2024;194.4
ITEM014;22;6;2024;170.0
ITEM014;23;6;2024;170.9
ITEM014;24;6;2024;144.5
ITEM014;25;7;2024;185.4
ITEM014;26;7;2024;189.3
ITEM014;27;7;2024;176.6
ITEM014;28;7;2024;162.1
ITEM014;29;8;2024;164.7
ITEM014;30;8;2024;158.8
ITEM014;31;8;2024;165.2
ITEM014;32;8;2024;144.6
ITEM014;33;9;2024;133.2
ITEM014;34;9;2024;119.8
ITEM014;35;9;2024;129.5
ITEM014;36;9;2024;142.0
ITEM014;37;10;2024;113.9
ITEM014;38;10;2024;100.0
ITEM014;39;10;2024;98.5
ITEM014;40;10;2024;95.7
ITEM014;41;11;2024;95.7
ITEM014;42;11;2024;82.2
ITEM014;43;11;2024;68.3
ITEM014;44;11;2024;99.5
ITEM014;45;12;2024;73.8
ITEM014;46;12;2024;87.9
ITEM014;47;12;2024;150.7
ITEM014;48;12;2024;147.1
ITEM014;49;12;2024;165.0
ITEM014;50;12;2024;155.5
ITEM014;51;12;2024;172.8
ITEM014;52;12;2024;78.5
ITEM014;1;1;2025;74.4
ITEM014;2;1;2025;86.4
ITEM014;3;1;2025;86.7
ITEM014;4;1;2025;119.0
ITEM014;5;2;2025;95.4
ITEM014;6;2;2025;112.8
ITEM014;7;2;2025;114.0
ITEM014;8;2;2025;107.1
ITEM014;9;3;2025;116.0
ITEM014;10;3;2025;134.0
ITEM014;11;3;2025;140.2
ITEM014;12;3;2025;140.2
ITEM014;13;4;2025;0.0
ITEM014;14;4;2025;135.7
ITEM014;15;4;2025;150.7
ITEM014;16;4;2025;177.7
ITEM014;17;5;2025;163.8
ITEM014;18;5;2025;185.8
ITEM014;19;5;2025;191.0
ITEM014;20;5;2025;193.4
ITEM014;21;6;2025;201.5
ITEM014;22;6;2025;188.5
ITEM014;23;6;2025;202.6
ITEM014;24;6;2025;194.0
ITEM014;25;7;2025;161.0
ITEM014;26;7;2025;184.8
ITEM014;27;7;2025;205.8
ITEM014;28;7;2025;151.9
ITEM014;29;8;2025;170.8
ITEM014;30;8;2025;153.8
ITEM014;31;8;2025;152.8
ITEM014;32;8;2025;150.6
ITEM014;33;9;2025;156.3
ITEM014;34;9;2025;141.9
ITEM014;35;9;2025;144.3
ITEM014;36;9;2025;157.3
ITEM014;37;10;2025;140.8
ITEM014;38;10;2025;124.3
ITEM014;39;10;2025;113.6
ITEM014;40;10;2025;116.8
ITEM014;41;11;2025;85.3
ITEM014;42;11;2025;96.3
ITEM014;43;11;2025;103.4
ITEM014;44;11;2025;95.4
ITEM014;45;12;2025;104.1
ITEM014;46;12;2025;99.7
ITEM014;47;12;2025;166.7
ITEM014;48;12;2025;156.5
ITEM014;49;12;2025;153.7
ITEM014;50;12;2025;175.0
ITEM014;51;12;2025;167.1
ITEM014;52;12;2025;78.7
ITEM014;1;1;2026;103.5
ITEM014;2;1;2026;99.2
ITEM014;3;1;2026;97.2
ITEM014;4;1;2026;112.6
ITEM014;5;2;2026;114.4
ITEM014;6;2;2026;129.5
ITEM014;7;2;2026;135.0
ITEM014;8;2;2026;118.5
ITEM014;9;3;2026;130.2
ITEM014;10;3;2026;132.7
ITEM014;11;3;2026;165.4
ITEM014;12;3;2026;158.6
ITEM014;13;4;2026;154.4
ITEM014;14;4;2026;151.7
ITEM014;15;4;2026;166.5
ITEM014;16;4;2026;144.5
ITEM014;17;5;2026;171.1
ITEM014;18;5;2026;167.0
ITEM014;19;5;2026;193.2
ITEM014;20;5;2026;180.8
ITEM014;21;6;2026;187.9
ITEM014;22;6;2026;186.2
ITEM014;23;6;2026;199.8
ITEM014;24;6;2026;199.9
ITEM014;25;7;2026;193.3
ITEM014;26;7;2026;188.9
ITEM014;27;7;2026;163.9
ITEM014;28;7;2026;177.2
ITEM014;29;8;2026;190.3
ITEM014;30;8;2026;174.3
ITEM014;31;8;2026;163.4
ITEM014;32;8;2026;156.3
ITEM014;33;9;2026;150.9
ITEM014;34;9;2026;152.2
ITEM014;35;9;2026;138.1
ITEM014;36;9;2026;152.4
ITEM014;37;10;2026;112.8
ITEM014;38;10;2026;136.4
ITEM014;39;10;2026;138.6
ITEM014;40;10;2026;103.7
ITEM014;41;11;2026;118.9
ITEM014;42;11;2026;111.2
ITEM014;43;11;2026;92.8
ITEM014;44;11;2026;85.0
ITEM014;45;12;2026;101.3
ITEM014;46;12;2026;115.8
ITEM014;47;12;2026;181.6
ITEM014;48;12;2026;173.3
ITEM014;49;12;2026;170.8
ITEM014;50;12;2026;168.2
ITEM014;51;12;2026;166.0
ITEM014;52;12;2026;100.1
ITEM015;22;6;2021;24.7
ITEM015;23;6;2021;26.2
ITEM015;24;6;2021;26.6
ITEM015;25;7;2021;23.0
ITEM015;26;7;2021;30.5
ITEM015;27;7;2021;33.3
ITEM015;28;7;2021;29.2
ITEM015;29;8;2021;27.4
ITEM015;30;8;2021;25.7
ITEM015;31;8;2021;28.7
ITEM015;32;8;2021;16.6
ITEM015;33;9;2021;0.0
ITEM015;34;9;2021;21.6
ITEM015;35;9;2021;21.7
ITEM015;36;9;2021;23.0
ITEM015;37;10;2021;16.4
ITEM015;38;10;2021;0.0
ITEM015;39;10;2021;0.0
ITEM015;40;10;2021;0.0
ITEM015;41;11;2021;0.0
ITEM015;42;11;2021;18.3
ITEM015;43;11;2021;20.9
ITEM015;44;11;2021;10.0
ITEM015;45;12;2021;18.7
ITEM015;46;12;2021;0.0
ITEM015;47;12;2021;29.9
ITEM015;48;12;2021;25.5
ITEM015;49;12;2021;30.3
ITEM015;50;12;2021;30.9
ITEM015;51;12;2021;22.0
ITEM015;52;12;2021;0.0
ITEM015;1;1;2022;15.7
ITEM015;2;1;2022;16.1
ITEM015;3;1;2022;9.5
ITEM015;4;1;2022;9.4
ITEM015;5;2;2022;18.5
ITEM015;6;2;2022;18.4
ITEM015;7;2;2022;19.3
ITEM015;8;2;2022;19.9
ITEM015;9;3;2022;18.0
ITEM015;10;3;2022;0.0
ITEM015;11;3;2022;0.0
ITEM015;12;3;2022;19.3
ITEM015;13;4;2022;28.8
ITEM015;14;4;2022;22.1
ITEM015;15;4;2022;26.8
ITEM015;16;4;2022;30.4
ITEM015;17;5;2022;26.7
ITEM015;18;5;2022;26.7
ITEM015;19;5;2022;30.7
ITEM015;20;5;2022;0.0
ITEM015;21;6;2022;0.0
ITEM015;22;6;2022;28.3
ITEM015;23;6;2022;0.0
ITEM015;24;6;2022;36.5
ITEM016;3;1;2022;88.7
ITEM016;4;1;2022;74.8
ITEM016;5;2;2022;81.5
ITEM016;6;2;2022;72.5
ITEM016;7;2;2022;78.1
ITEM016;8;2;2022;80.2
ITEM016;9;3;2022;97.3
ITEM016;10;3;2022;100.9
ITEM016;11;3;2022;94.5
ITEM016;12;3;2022;110.2
ITEM016;13;4;2022;115.9
ITEM016;14;4;2022;116.0
ITEM016;15;4;2022;132.4
ITEM016;16;4;2022;125.0
ITEM016;17;5;2022;134.3
ITEM016;18;5;2022;132.0
ITEM016;19;5;2022;137.3
ITEM016;20;5;2022;136.3
ITEM016;21;6;2022;129.9
ITEM016;22;6;2022;136.3
ITEM016;23;6;2022;150.9
ITEM016;24;6;2022;0.0
ITEM016;25;7;2022;143.8
ITEM016;26;7;2022;140.5
ITEM016;27;7;2022;123.0
ITEM016;28;7;2022;136.0
ITEM016;29;8;2022;120.3
ITEM016;30;8;2022;124.3
ITEM016;31;8;2022;126.1
ITEM016;32;8;2022;113.6
ITEM016;33;9;2022;116.8
ITEM016;34;9;2022;107.1
ITEM016;35;9;2022;107.9
ITEM016;36;9;2022;121.5
ITEM016;37;10;2022;104.8
ITEM016;38;10;2022;0.0
ITEM016;39;10;2022;104.3
ITEM016;40;10;2022;90.9
ITEM016;41;11;2022;73.0
ITEM016;42;11;2022;68.4
ITEM016;43;11;2022;80.5
ITEM016;44;11;2022;69.9
ITEM016;45;12;2022;56.0
ITEM016;46;12;2022;64.3
ITEM016;47;12;2022;118.8
ITEM016;48;12;2022;114.5
ITEM016;49;12;2022;120.2
ITEM016;50;12;2022;123.0
ITEM016;51;12;2022;138.9
ITEM016;52;12;2022;74.9
ITEM016;1;1;2023;66.5
ITEM016;2;1;2023;0.0
ITEM016;3;1;2023;65.2
ITEM016;4;1;2023;75.5
ITEM016;5;2;2023;67.5
ITEM016;6;2;2023;80.9
ITEM016;7;2;2023;94.4
ITEM016;8;2;2023;98.5
ITEM016;9;3;2023;91.5
ITEM016;10;3;2023;101.7
ITEM016;11;3;2023;106.5
ITEM016;12;3;2023;124.7
ITEM016;13;4;2023;121.9
ITEM016;14;4;2023;114.4
ITEM016;15;4;2023;126.7
ITEM016;16;4;2023;132.1
ITEM016;17;5;2023;137.2
ITEM016;18;5;2023;132.1
ITEM016;19;5;2023;146.5
ITEM016;20;5;2023;137.0
ITEM016;21;6;2023;124.3
ITEM016;22;6;2023;155.8
ITEM016;23;6;2023;147.6
ITEM016;24;6;2023;144.6
ITEM016;25;7;2023;0.0
ITEM016;26;7;2023;132.5
ITEM016;27;7;2023;124.2
ITEM016;28;7;2023;149.2
ITEM016;29;8;2023;144.3
ITEM016;30;8;2023;138.1
ITEM016;31;8;2023;121.4
ITEM016;32;8;2023;131.2
ITEM016;33;9;2023;131.6
ITEM016;34;9;2023;116.9
ITEM016;35;9;2023;113.4
ITEM016;36;9;2023;99.5
ITEM016;37;10;2023;104.4
ITEM016;38;10;2023;87.9
ITEM016;39;10;2023;98.6
ITEM016;40;10;2023;92.0
ITEM016;41;11;2023;78.1
ITEM016;42;11;2023;0.0
ITEM016;43;11;2023;75.6
ITEM016;44;11;2023;74.8
ITEM016;45;12;2023;71.9
ITEM016;46;12;2023;68.4
ITEM016;47;12;2023;122.4
ITEM016;48;12;2023;130.4
ITEM016;49;12;2023;134.4
ITEM016;50;12;2023;133.8
ITEM016;51;12;2023;118.5
ITEM016;52;12;2023;68.8
ITEM016;1;1;2024;64.4
ITEM016;2;1;2024;76.2
ITEM016;3;1;2024;64.0
ITEM016;4;1;2024;67.8
ITEM016;5;2;2024;79.2
ITEM016;6;2;2024;100.4
ITEM016;7;2;2024;94.6
ITEM016;8;2;2024;91.9
ITEM016;9;3;2024;107.3
ITEM016;10;3;2024;110.4
ITEM016;11;3;2024;139.0
ITEM016;12;3;2024;130.4
ITEM016;13;4;2024;124.8
ITEM016;14;4;2024;124.0
ITEM016;15;4;2024;138.0
ITEM016;16;4;2024;125.0
ITEM016;17;5;2024;136.3
ITEM016;18;5;2024;136.8
ITEM016;19;5;2024;136.0
ITEM016;20;5;2024;140.5
ITEM016;21;6;2024;144.5
ITEM016;22;6;2024;150.6
ITEM016;23;6;2024;130.8
ITEM016;24;6;2024;148.0
ITEM016;25;7;2024;149.7
ITEM016;26;7;2024;154.7
ITEM016;27;7;2024;135.2
ITEM016;28;7;2024;148.1
ITEM016;29;8;2024;133.6
ITEM016;30;8;2024;127.6
ITEM016;31;8;2024;127.8
ITEM016;32;8;2024;125.1
ITEM016;33;9;2024;115.3
ITEM016;34;9;2024;131.1
ITEM016;35;9;2024;114.8
ITEM016;36;9;2024;118.8
ITEM016;37;10;2024;107.5
ITEM016;38;10;2024;118.2
ITEM016;39;10;2024;107.2
ITEM016;40;10;2024;88.1
ITEM016;41;11;2024;82.0
ITEM016;42;11;2024;87.5
ITEM016;43;11;2024;83.6
ITEM016;44;11;2024;75.6
ITEM016;45;12;2024;90.5
ITEM016;46;12;2024;86.6
ITEM016;47;12;2024;133.2
ITEM016;48;12;2024;143.2
ITEM016;49;12;2024;125.7
ITEM016;50;12;2024;134.9
ITEM016;51;12;2024;131.7
ITEM016;52;12;2024;70.2
ITEM016;1;1;2025;66.3
ITEM016;2;1;2025;83.7
ITEM016;3;1;2025;71.3
ITEM016;4;1;2025;91.4
ITEM016;5;2;2025;88.2
ITEM016;6;2;2025;0.0
ITEM016;7;2;2025;103.2
ITEM016;8;2;2025;105.6
ITEM016;9;3;2025;110.3
ITEM016;10;3;2025;98.3
ITEM016;11;3;2025;99.3
ITEM016;12;3;2025;118.6
ITEM016;13;4;2025;128.3
ITEM016;14;4;2025;140.8
ITEM016;15;4;2025;130.5
ITEM016;16;4;2025;179.6
ITEM016;17;5;2025;135.4
ITEM016;18;5;2025;143.1
ITEM016;19;5;2025;147.9
ITEM016;20;5;2025;0.0
ITEM016;21;6;2025;142.2
ITEM016;22;6;2025;156.4
ITEM016;23;6;2025;0.0
ITEM016;24;6;2025;157.8
ITEM016;25;7;2025;134.9
ITEM016;26;7;2025;152.2
ITEM016;27;7;2025;128.9
ITEM016;28;7;2025;144.6
ITEM016;29;8;2025;146.8
ITEM016;30;8;2025;146.8
ITEM016;31;8;2025;133.4
ITEM016;32;8;2025;127.2
ITEM016;33;9;2025;116.2
ITEM016;34;9;2025;106.1
ITEM016;35;9;2025;119.2
ITEM016;36;9;2025;0.0
ITEM016;37;10;2025;85.1
ITEM016;38;10;2025;104.8
ITEM016;39;10;2025;89.9
ITEM016;40;10;2025;77.4
ITEM016;41;11;2025;85.0
ITEM016;42;11;2025;81.1
ITEM016;43;11;2025;72.6
ITEM016;44;11;2025;0.0
ITEM016;45;12;2025;80.5
ITEM016;46;12;2025;68.7
ITEM016;47;12;2025;128.4
ITEM016;48;12;2025;131.8
ITEM016;49;12;2025;137.4
ITEM016;50;12;2025;141.2
ITEM016;51;12;2025;155.6
ITEM016;52;12;2025;51.2
ITEM016;1;1;2026;76.0
ITEM016;2;1;2026;91.2
ITEM016;3;1;2026;97.4
ITEM016;4;1;2026;101.4
ITEM016;5;2;2026;106.8
ITEM016;6;2;2026;113.0
ITEM016;7;2;2026;101.9
ITEM016;8;2;2026;120.3
ITEM016;9;3;2026;99.8
ITEM016;10;3;2026;114.2
ITEM016;11;3;2026;118.3
ITEM016;12;3;2026;120.4
ITEM016;13;4;2026;119.6
ITEM016;14;4;2026;145.2
ITEM016;15;4;2026;138.2
ITEM016;16;4;2026;142.7
ITEM016;17;5;2026;135.8
ITEM016;18;5;2026;153.6
ITEM016;19;5;2026;162.9
ITEM016;20;5;2026;157.2
ITEM016;21;6;2026;146.4
ITEM016;22;6;2026;167.9
ITEM016;23;6;2026;138.5
ITEM016;24;6;2026;162.8
ITEM016;25;7;2026;146.6
ITEM016;26;7;2026;168.3
ITEM016;27;7;2026;171.8
ITEM016;28;7;2026;143.6
ITEM016;29;8;2026;143.7
ITEM016;30;8;2026;149.0
ITEM016;31;8;2026;134.8
ITEM016;32;8;2026;120.2
ITEM016;33;9;2026;146.5
ITEM016;34;9;2026;122.5
ITEM016;35;9;2026;125.7
ITEM016;36;9;2026;110.8
ITEM016;37;10;2026;115.1
ITEM016;38;10;2026;110.2
ITEM016;39;10;2026;108.0
ITEM016;40;10;2026;94.3
ITEM016;41;11;2026;85.4
ITEM016;42;11;2026;85.2
ITEM016;43;11;2026;110.2
ITEM016;44;11;2026;92.5
ITEM016;45;12;2026;83.7
ITEM016;46;12;2026;104.3
ITEM016;47;12;2026;127.7
ITEM016;48;12;2026;143.6
ITEM016;49;12;2026;156.8
ITEM016;50;12;2026;141.3
ITEM016;51;12;2026;145.5
ITEM016;52;12;2026;72.5
ITEM017;7;2;2022;31.0
ITEM017;8;2;2022;31.5
ITEM017;9;3;2022;42.7
ITEM017;10;3;2022;30.4
ITEM017;11;3;2022;36.0
ITEM017;12;3;2022;33.2
ITEM017;13;4;2022;44.6
ITEM017;14;4;2022;41.6
ITEM017;15;4;2022;45.6
ITEM017;16;4;2022;51.9
ITEM017;17;5;2022;44.3
ITEM017;18;5;2022;47.8
ITEM017;19;5;2022;44.7
ITEM017;20;5;2022;52.8
ITEM017;21;6;2022;48.1
ITEM017;22;6;2022;46.6
ITEM017;23;6;2022;54.6
ITEM017;24;6;2022;53.7
ITEM017;25;7;2022;48.1
ITEM017;26;7;2022;45.2
ITEM017;27;7;2022;45.3
ITEM017;28;7;2022;55.3
ITEM017;29;8;2022;49.7
ITEM017;30;8;2022;41.7
ITEM017;31;8;2022;45.2
ITEM017;32;8;2022;39.3
ITEM017;33;9;2022;46.2
ITEM017;34;9;2022;44.4
ITEM017;35;9;2022;35.6
ITEM017;36;9;2022;34.1
ITEM017;37;10;2022;25.5
ITEM017;38;10;2022;0.0
ITEM017;39;10;2022;0.0
ITEM017;40;10;2022;28.9
ITEM017;41;11;2022;31.2
ITEM017;42;11;2022;20.7
ITEM017;43;11;2022;34.3
ITEM017;44;11;2022;23.1
ITEM017;45;12;2022;18.4
ITEM017;46;12;2022;25.7
ITEM017;47;12;2022;54.4
ITEM017;48;12;2022;47.0
ITEM017;49;12;2022;51.9
ITEM017;50;12;2022;45.2
ITEM017;51;12;2022;38.4
ITEM017;52;12;2022;13.6
ITEM017;1;1;2023;22.8
ITEM017;2;1;2023;15.3
ITEM017;3;1;2023;23.8
ITEM017;4;1;2023;25.8
ITEM017;5;2;2023;22.6
ITEM017;6;2;2023;19.0
ITEM017;7;2;2023;31.6
ITEM017;8;2;2023;27.1
ITEM017;9;3;2023;35.2
ITEM017;10;3;2023;35.3
ITEM017;11;3;2023;34.0
ITEM017;12;3;2023;33.7
ITEM017;13;4;2023;48.8
ITEM017;14;4;2023;47.3
ITEM017;15;4;2023;49.0
ITEM017;16;4;2023;53.7
ITEM017;17;5;2023;51.2
ITEM017;18;5;2023;50.5
ITEM017;19;5;2023;49.0
ITEM017;20;5;2023;47.6
ITEM017;21;6;2023;49.8
ITEM017;22;6;2023;48.1
ITEM017;23;6;2023;0.0
ITEM017;24;6;2023;57.4
ITEM017;25;7;2023;53.2
ITEM017;26;7;2023;51.5
ITEM017;27;7;2023;52.4
ITEM017;28;7;2023;49.6
ITEM017;29;8;2023;52.4
ITEM017;30;8;2023;42.9
ITEM017;31;8;2023;36.4
ITEM017;32;8;2023;0.0
ITEM017;33;9;2023;0.0
ITEM017;34;9;2023;32.1
ITEM017;35;9;2023;40.3
ITEM017;36;9;2023;42.1
ITEM017;37;10;2023;30.5
ITEM017;38;10;2023;36.7
ITEM017;39;10;2023;25.7
ITEM017;40;10;2023;36.8
ITEM017;41;11;2023;22.7
ITEM017;42;11;2023;26.7
ITEM017;43;11;2023;29.7
ITEM017;44;11;2023;24.3
ITEM017;45;12;2023;9.9
ITEM017;46;12;2023;24.0
ITEM017;47;12;2023;40.7
ITEM017;48;12;2023;41.1
ITEM017;49;12;2023;49.8
ITEM017;50;12;2023;53.0
ITEM017;51;12;2023;47.2
ITEM017;52;12;2023;24.8
ITEM017;1;1;2024;11.6
ITEM017;2;1;2024;35.9
ITEM017;3;1;2024;27.5
ITEM017;4;1;2024;29.2
ITEM017;5;2;2024;26.5
ITEM017;6;2;2024;31.7
ITEM017;7;2;2024;37.5
ITEM017;8;2;2024;43.2
ITEM017;9;3;2024;37.5
ITEM017;10;3;2024;28.5
ITEM017;11;3;2024;38.1
ITEM017;12;3;2024;40.9
ITEM017;13;4;2024;50.0
ITEM017;14;4;2024;43.9
ITEM017;15;4;2024;58.0
ITEM017;16;4;2024;43.8
ITEM017;17;5;2024;44.1
ITEM017;18;5;2024;54.3
ITEM017;19;5;2024;51.6
ITEM017;20;5;2024;48.0
ITEM017;21;6;2024;46.3
ITEM017;22;6;2024;51.8
ITEM017;23;6;2024;62.9
ITEM017;24;6;2024;45.6
ITEM017;25;7;2024;53.7
ITEM017;26;7;2024;51.4
ITEM017;27;7;2024;49.7
ITEM017;28;7;2024;57.1
ITEM017;29;8;2024;56.4
ITEM017;30;8;2024;46.3
ITEM017;31;8;2024;48.6
ITEM017;32;8;2024;51.8
ITEM017;33;9;2024;47.0
ITEM017;34;9;2024;0.0
ITEM017;35;9;2024;54.9
ITEM017;36;9;2024;47.0
ITEM017;37;10;2024;31.9
ITEM017;38;10;2024;38.6
ITEM017;39;10;2024;25.5
ITEM017;40;10;2024;28.8
ITEM017;41;11;2024;26.1
ITEM017;42;11;2024;35.9
ITEM017;43;11;2024;33.3
ITEM017;44;11;2024;25.3
ITEM017;45;12;2024;21.9
ITEM017;46;12;2024;21.5
ITEM017;47;12;2024;39.9
ITEM017;48;12;2024;0.0
ITEM017;49;12;2024;49.1
ITEM017;50;12;2024;42.9
ITEM017;51;12;2024;51.9
ITEM017;52;12;2024;26.4
ITEM017;1;1;2025;26.5
ITEM017;2;1;2025;0.0
ITEM017;3;1;2025;33.9
ITEM017;4;1;2025;0.0
ITEM017;5;2;2025;30.8
ITEM017;6;2;2025;31.7
ITEM017;7;2;2025;29.9
ITEM017;8;2;2025;38.8
ITEM017;9;3;2025;39.8
ITEM017;10;3;2025;36.9
ITEM017;11;3;2025;43.7
ITEM017;12;3;2025;46.6
ITEM017;13;4;2025;42.1
ITEM017;14;4;2025;48.4
ITEM017;15;4;2025;46.2
ITEM017;16;4;2025;47.6
ITEM017;17;5;2025;51.8
ITEM017;18;5;2025;0.0
ITEM017;19;5;2025;53.4
ITEM017;20;5;2025;56.2
ITEM017;21;6;2025;47.2
ITEM017;22;6;2025;58.3
ITEM017;23;6;2025;61.3
ITEM017;24;6;2025;0.0
ITEM017;25;7;2025;58.6
ITEM017;26;7;2025;45.6
ITEM017;27;7;2025;64.2
ITEM017;28;7;2025;58.2
ITEM017;29;8;2025;52.4
ITEM017;30;8;2025;55.6
ITEM017;31;8;2025;43.2
ITEM017;32;8;2025;51.6
ITEM017;33;9;2025;43.8
ITEM017;34;9;2025;42.3
ITEM017;35;9;2025;35.0
ITEM017;36;9;2025;47.2
ITEM017;37;10;2025;39.9
ITEM017;38;10;2025;43.2
ITEM017;39;10;2025;35.9
ITEM017;40;10;2025;31.4
ITEM017;41;11;2025;32.3
ITEM017;42;11;2025;27.3
ITEM017;43;11;2025;32.1
ITEM017;44;11;2025;31.0
ITEM017;45;12;2025;0.0
ITEM017;46;12;2025;30.5
ITEM017;47;12;2025;52.5
ITEM017;48;12;2025;46.1
ITEM017;49;12;2025;47.4
ITEM017;50;12;2025;51.3
ITEM017;51;12;2025;42.7
ITEM017;52;12;2025;31.7
ITEM017;1;1;2026;32.4
ITEM017;2;1;2026;32.9
ITEM017;3;1;2026;27.2
ITEM017;4;1;2026;35.4
ITEM017;5;2;2026;31.4
ITEM017;6;2;2026;39.7
ITEM017;7;2;2026;31.3
ITEM017;8;2;2026;38.7
ITEM017;9;3;2026;32.9
ITEM017;10;3;2026;38.1
ITEM017;11;3;2026;39.5
ITEM017;12;3;2026;41.7
ITEM017;13;4;2026;42.4
ITEM017;14;4;2026;45.9
ITEM017;15;4;2026;45.5
ITEM017;16;4;2026;57.4
ITEM017;17;5;2026;45.9
ITEM017;18;5;2026;53.3
ITEM017;19;5;2026;55.0
ITEM017;20;5;2026;0.0
ITEM017;21;6;2026;55.7
ITEM017;22;6;2026;62.5
ITEM017;23;6;2026;62.8
ITEM017;24;6;2026;56.0
ITEM017;25;7;2026;56.8
ITEM017;26;7;2026;62.7
ITEM017;27;7;2026;56.7
ITEM017;28;7;2026;58.9
ITEM017;29;8;2026;46.3
ITEM017;30;8;2026;47.4
ITEM017;31;8;2026;44.1
ITEM017;32;8;2026;56.4
ITEM017;33;9;2026;42.5
ITEM017;34;9;2026;45.8
ITEM017;35;9;2026;45.2
ITEM017;36;9;2026;40.5
ITEM017;37;10;2026;34.3
ITEM017;38;10;2026;46.1
ITEM018;26;7;2022;248.4
ITEM018;27;7;2022;281.0
ITEM018;28;7;2022;226.7
ITEM018;29;8;2022;231.4
ITEM018;30;8;2022;212.5
ITEM018;31;8;2022;239.4
ITEM018;32;8;2022;224.9
ITEM018;33;9;2022;199.3
ITEM018;34;9;2022;203.5
ITEM018;35;9;2022;185.9
ITEM018;36;9;2022;186.6
ITEM018;37;10;2022;187.7
ITEM018;38;10;2022;167.7
ITEM018;39;10;2022;114.5
ITEM018;40;10;2022;180.5
ITEM018;41;11;2022;129.2
ITEM018;42;11;2022;118.6
ITEM018;43;11;2022;125.9
ITEM018;44;11;2022;142.2
ITEM018;45;12;2022;127.5
ITEM018;46;12;2022;89.6
ITEM018;47;12;2022;197.0
ITEM018;48;12;2022;250.6
ITEM018;49;12;2022;219.0
ITEM018;50;12;2022;237.3
ITEM018;51;12;2022;218.7
ITEM018;52;12;2022;135.5
ITEM018;1;1;2023;114.7
ITEM018;2;1;2023;110.3
ITEM018;3;1;2023;139.9
ITEM018;4;1;2023;169.9
ITEM018;5;2;2023;136.9
ITEM018;6;2;2023;131.8
ITEM018;7;2;2023;188.2
ITEM018;8;2;2023;138.8
ITEM018;9;3;2023;154.9
ITEM018;10;3;2023;163.7
ITEM018;11;3;2023;207.3
ITEM018;12;3;2023;229.2
ITEM018;13;4;2023;223.7
ITEM018;14;4;2023;213.1
ITEM018;15;4;2023;230.8
ITEM018;16;4;2023;239.2
ITEM018;17;5;2023;251.5
ITEM018;18;5;2023;0.0
ITEM018;19;5;2023;0.0
ITEM018;20;5;2023;240.0
ITEM018;21;6;2023;267.7
ITEM018;22;6;2023;247.8
ITEM018;23;6;2023;267.5
ITEM018;24;6;2023;259.6
ITEM018;25;7;2023;244.8
ITEM018;26;7;2023;248.9
ITEM018;27;7;2023;228.6
ITEM018;28;7;2023;212.6
ITEM018;29;8;2023;234.5
ITEM018;30;8;2023;272.3
ITEM018;31;8;2023;195.2
ITEM018;32;8;2023;255.4
ITEM018;33;9;2023;194.9
ITEM018;34;9;2023;178.9
ITEM018;35;9;2023;184.9
ITEM018;36;9;2023;184.3
ITEM018;37;10;2023;179.6
ITEM018;38;10;2023;137.7
ITEM018;39;10;2023;156.4
ITEM018;40;10;2023;122.8
ITEM018;41;11;2023;151.9
ITEM018;42;11;2023;171.1
ITEM018;43;11;2023;133.8
ITEM018;44;11;2023;110.9
ITEM018;45;12;2023;105.5
ITEM018;46;12;2023;120.5
ITEM018;47;12;2023;190.3
ITEM018;48;12;2023;220.0
ITEM018;49;12;2023;220.8
ITEM018;50;12;2023;212.6
ITEM018;51;12;2023;244.7
ITEM018;52;12;2023;112.1
ITEM018;1;1;2024;133.7
ITEM018;2;1;2024;139.4
ITEM018;3;1;2024;162.3
ITEM018;4;1;2024;142.7
ITEM018;5;2;2024;136.3
ITEM018;6;2;2024;159.6
ITEM018;7;2;2024;180.8
ITEM018;8;2;2024;189.1
ITEM018;9;3;2024;195.4
ITEM018;10;3;2024;180.2
ITEM018;11;3;2024;200.8
ITEM018;12;3;2024;207.8
ITEM018;13;4;2024;233.6
ITEM018;14;4;2024;201.7
ITEM018;15;4;2024;244.0
ITEM018;16;4;2024;242.5
ITEM018;17;5;2024;291.5
ITEM018;18;5;2024;267.2
ITEM018;19;5;2024;237.5
ITEM018;20;5;2024;205.1
ITEM018;21;6;2024;259.5
ITEM018;22;6;2024;268.3
ITEM018;23;6;2024;252.4
ITEM018;24;6;2024;252.5
ITEM018;25;7;2024;279.4
ITEM018;26;7;2024;247.3
ITEM018;27;7;2024;291.6
ITEM018;28;7;2024;247.5
ITEM018;29;8;2024;209.5
ITEM018;30;8;2024;234.1
ITEM018;31;8;2024;228.0
ITEM018;32;8;2024;231.1
ITEM018;33;9;2024;210.0
ITEM018;34;9;2024;204.3
ITEM018;35;9;2024;211.6
ITEM018;36;9;2024;210.0
ITEM018;37;10;2024;169.0
ITEM018;38;10;2024;175.6
ITEM018;39;10;2024;135.4
ITEM018;40;10;2024;173.1
ITEM018;41;11;2024;152.5
ITEM018;42;11;2024;143.1
ITEM018;43;11;2024;145.6
ITEM018;44;11;2024;137.5
ITEM018;45;12;2024;128.0
ITEM018;46;12;2024;138.4
ITEM018;47;12;2024;232.8
ITEM018;48;12;2024;270.7
ITEM018;49;12;2024;257.0
ITEM018;50;12;2024;241.8
ITEM018;51;12;2024;226.5
ITEM018;52;12;2024;114.5
ITEM018;1;1;2025;142.9
ITEM018;2;1;2025;167.3
ITEM018;3;1;2025;158.4
ITEM018;4;1;2025;199.4
ITEM018;5;2;2025;128.5
ITEM018;6;2;2025;185.9
ITEM018;7;2;2025;167.6
ITEM018;8;2;2025;153.6
ITEM018;9;3;2025;177.1
ITEM018;10;3;2025;214.8
ITEM018;11;3;2025;195.5
ITEM018;12;3;2025;208.6
ITEM018;13;4;2025;225.0
ITEM018;14;4;2025;246.7
ITEM018;15;4;2025;234.8
ITEM018;16;4;2025;247.7
ITEM018;17;5;2025;239.9
ITEM018;18;5;2025;256.7
ITEM018;19;5;2025;278.5
ITEM018;20;5;2025;227.9
ITEM018;21;6;2025;278.3
ITEM018;22;6;2025;271.0
ITEM018;23;6;2025;258.3
ITEM018;24;6;2025;244.8
ITEM018;25;7;2025;290.1
ITEM018;26;7;2025;238.4
ITEM018;27;7;2025;277.0
ITEM018;28;7;2025;254.4
ITEM018;29;8;2025;247.6
ITEM018;30;8;2025;225.9
ITEM018;31;8;2025;233.6
ITEM018;32;8;2025;215.1
ITEM018;33;9;2025;229.1
ITEM018;34;9;2025;226.4
ITEM018;35;9;2025;183.5
ITEM018;36;9;2025;210.5
ITEM018;37;10;2025;205.3
ITEM018;38;10;2025;186.4
ITEM018;39;10;2025;159.6
ITEM018;40;10;2025;191.1
ITEM018;41;11;2025;161.4
ITEM018;42;11;2025;181.8
ITEM018;43;11;2025;167.1
ITEM018;44;11;2025;147.3
ITEM018;45;12;2025;129.5
ITEM018;46;12;2025;117.7
ITEM018;47;12;2025;252.2
ITEM018;48;12;2025;214.6
ITEM018;49;12;2025;228.5
ITEM018;50;12;2025;238.0
ITEM018;51;12;2025;259.7
ITEM018;52;12;2025;102.3
ITEM018;1;1;2026;143.2
ITEM018;2;1;2026;131.5
ITEM018;3;1;2026;140.7
ITEM018;4;1;2026;176.5
ITEM018;5;2;2026;183.3
ITEM018;6;2;2026;174.9
ITEM018;7;2;2026;198.7
ITEM018;8;2;2026;209.5
ITEM018;9;3;2026;178.5
ITEM018;10;3;2026;227.9
ITEM018;11;3;2026;248.6
ITEM018;12;3;2026;199.9
ITEM018;13;4;2026;247.5
ITEM018;14;4;2026;244.5
ITEM018;15;4;2026;184.1
ITEM018;16;4;2026;212.5
ITEM018;17;5;2026;255.3
ITEM018;18;5;2026;226.6
ITEM018;19;5;2026;250.0
ITEM018;20;5;2026;284.0
ITEM018;21;6;2026;279.7
ITEM018;22;6;2026;278.9
ITEM018;23;6;2026;258.4
ITEM018;24;6;2026;257.2
ITEM018;25;7;2026;280.2
ITEM018;26;7;2026;276.5
ITEM018;27;7;2026;278.7
ITEM018;28;7;2026;285.9
ITEM018;29;8;2026;252.7
ITEM018;30;8;2026;247.0
ITEM018;31;8;2026;272.3
ITEM018;32;8;2026;248.5
ITEM018;33;9;2026;238.8
ITEM018;34;9;2026;214.9
ITEM018;35;9;2026;222.9
ITEM018;36;9;2026;205.6
ITEM018;37;10;2026;234.5
ITEM018;38;10;2026;195.9
ITEM018;39;10;2026;201.1
ITEM018;40;10;2026;193.4
ITEM018;41;11;2026;170.0
ITEM018;42;11;2026;141.1
ITEM018;43;11;2026;173.0
ITEM018;44;11;2026;150.5
ITEM018;45;12;2026;139.5
ITEM018;46;12;2026;0.0
ITEM018;47;12;2026;224.3
ITEM018;48;12;2026;243.6
ITEM018;49;12;2026;241.8
ITEM018;50;12;2026;252.8
ITEM018;51;12;2026;238.8
ITEM018;52;12;2026;150.4
